-- MySQL dump 10.13  Distrib 5.7.18, for Linux (x86_64)
--
-- Host: localhost    Database: osadmin
-- ------------------------------------------------------
-- Server version	5.7.18

/*!40101 SET @OLD_CHARACTER_SET_CLIENT=@@CHARACTER_SET_CLIENT */;
/*!40101 SET @OLD_CHARACTER_SET_RESULTS=@@CHARACTER_SET_RESULTS */;
/*!40101 SET @OLD_COLLATION_CONNECTION=@@COLLATION_CONNECTION */;
/*!40101 SET NAMES utf8 */;
/*!40103 SET @OLD_TIME_ZONE=@@TIME_ZONE */;
/*!40103 SET TIME_ZONE='+00:00' */;
/*!40014 SET @OLD_UNIQUE_CHECKS=@@UNIQUE_CHECKS, UNIQUE_CHECKS=0 */;
/*!40014 SET @OLD_FOREIGN_KEY_CHECKS=@@FOREIGN_KEY_CHECKS, FOREIGN_KEY_CHECKS=0 */;
/*!40101 SET @OLD_SQL_MODE=@@SQL_MODE, SQL_MODE='NO_AUTO_VALUE_ON_ZERO' */;
/*!40111 SET @OLD_SQL_NOTES=@@SQL_NOTES, SQL_NOTES=0 */;

--
-- Table structure for table `osa_menu_url`
--

DROP TABLE IF EXISTS `osa_menu_url`;
/*!40101 SET @saved_cs_client     = @@character_set_client */;
/*!40101 SET character_set_client = utf8 */;
CREATE TABLE `osa_menu_url` (
  `menu_id` int(11) NOT NULL AUTO_INCREMENT,
  `menu_name` varchar(50) NOT NULL,
  `menu_url` varchar(255) NOT NULL,
  `module_id` int(11) NOT NULL,
  `is_show` tinyint(4) NOT NULL COMMENT '是否在sidebar里出现',
  `online` int(11) NOT NULL DEFAULT '1' COMMENT '在线状态，还是下线状态，即可用，不可用。',
  `shortcut_allowed` int(10) unsigned NOT NULL DEFAULT '1' COMMENT '是否允许快捷访问',
  `menu_desc` varchar(255) DEFAULT NULL,
  `father_menu` int(11) NOT NULL DEFAULT '0' COMMENT '上一级菜单',
  PRIMARY KEY (`menu_id`),
  UNIQUE KEY `menu_url` (`menu_url`)
) ENGINE=InnoDB AUTO_INCREMENT=113 DEFAULT CHARSET=utf8 COMMENT='功能链接（菜单链接）';
/*!40101 SET character_set_client = @saved_cs_client */;

--
-- Dumping data for table `osa_menu_url`
--

LOCK TABLES `osa_menu_url` WRITE;
/*!40000 ALTER TABLE `osa_menu_url` DISABLE KEYS */;
INSERT INTO `osa_menu_url` VALUES (1,'首页','/panel/index.php',1,0,1,1,'后台首页',0),(2,'账号列表','/panel/users.php',1,1,1,1,'账号列表',0),(3,'修改账号','/panel/user_modify.php',1,0,1,0,'修改账号',2),(4,'新建账号','/panel/user_add.php',1,0,1,1,'新建账号',2),(5,'个人信息','/panel/profile.php',1,0,1,1,'个人信息',0),(6,'账号组成员','/panel/group.php',1,0,1,0,'显示账号组详情及该组成员',7),(7,'账号组管理','/panel/groups.php',1,1,1,1,'增加管理员',0),(8,'修改账号组','/panel/group_modify.php',1,0,1,0,'修改账号组',7),(9,'新建账号组','/panel/group_add.php',1,0,1,1,'新建账号组',7),(10,'权限管理','/panel/group_role.php',1,1,1,1,'用户权限依赖于账号组的权限',0),(11,'菜单模块','/panel/modules.php',1,1,1,1,'菜单里的模块',0),(12,'编辑菜单模块','/panel/module_modify.php',1,0,1,0,'编辑模块',11),(13,'添加菜单模块','/panel/module_add.php',1,0,1,1,'添加菜单模块',11),(14,'功能列表','/panel/menus.php',1,1,1,1,'菜单功能及可访问的链接',0),(15,'增加功能','/panel/menu_add.php',1,0,1,1,'增加功能',14),(16,'功能修改','/panel/menu_modify.php',1,0,1,0,'修改功能',14),(17,'设置模板','/panel/set.php',1,0,1,1,'设置模板',0),(18,'便签管理','/panel/quicknotes.php',1,1,1,1,'quick note',0),(19,'菜单链接列表','/panel/module.php',1,0,1,0,'显示模块详情及该模块下的菜单',11),(20,'登入','/login.php',1,0,1,1,'登入页面',0),(21,'操作记录','/panel/syslog.php',1,1,1,1,'用户操作的历史行为',0),(22,'系统信息','/panel/system.php',1,1,1,1,'显示系统相关信息',0),(23,'ajax访问修改快捷菜单','/ajax/shortcut.php',1,0,1,0,'ajax请求',0),(24,'添加便签','/panel/quicknote_add.php',1,0,1,1,'添加quicknote的内容',18),(25,'修改便签','/panel/quicknote_modify.php',1,0,1,0,'修改quicknote的内容',18),(26,'系统设置','/panel/setting.php',1,0,1,0,'系统设置',0),(101,'样例','/sample/sample.php',2,1,1,1,'',0),(103,'读取XLS文件','/sample/read_excel.php',2,1,1,1,'',0),(104,'销售列表','/panel/sales.php',3,1,1,1,'销售列表',0),(105,'玩家留存','/panel/player_retained.php',3,1,1,1,'玩家留存',0),(106,'销售列表加强版','/panel/sales_enhance.php',3,1,1,1,'销售列表加强版',0),(107,'销售细节','/panel/sale_detail.php',3,0,1,1,'销售细节',106),(108,'玩家列表','/panel/players.php',4,1,1,1,'玩家列表',0),(109,'修改玩家信息','/panel/player_modify.php',4,0,1,0,'修改玩家信息',108),(110,'修改销售信息','/panel/sale_modify.php',1,1,1,0,'修改销售信息',0),(111,'修改留存信息','/panel/player_retained_modify.php',1,1,1,0,'修改留存信息',0),(112,'充值详情','/panel/purchases.php',3,1,1,1,'充值详情',0);
/*!40000 ALTER TABLE `osa_menu_url` ENABLE KEYS */;
UNLOCK TABLES;

--
-- Table structure for table `osa_module`
--

DROP TABLE IF EXISTS `osa_module`;
/*!40101 SET @saved_cs_client     = @@character_set_client */;
/*!40101 SET character_set_client = utf8 */;
CREATE TABLE `osa_module` (
  `module_id` int(11) unsigned NOT NULL AUTO_INCREMENT,
  `module_name` varchar(50) NOT NULL,
  `module_url` varchar(128) NOT NULL,
  `module_sort` int(11) unsigned NOT NULL DEFAULT '1',
  `module_desc` varchar(255) DEFAULT NULL,
  `module_icon` varchar(32) DEFAULT 'icon-th' COMMENT '菜单模块图标',
  `online` int(11) NOT NULL DEFAULT '1' COMMENT '模块是否在线',
  PRIMARY KEY (`module_id`)
) ENGINE=InnoDB AUTO_INCREMENT=5 DEFAULT CHARSET=utf8 COMMENT='菜单模块';
/*!40101 SET character_set_client = @saved_cs_client */;

--
-- Dumping data for table `osa_module`
--

LOCK TABLES `osa_module` WRITE;
/*!40000 ALTER TABLE `osa_module` DISABLE KEYS */;
INSERT INTO `osa_module` VALUES (1,'控制面板','/panel/index.php',0,'配置OSAdmin的相关功能','icon-th',1),(2,'样例模块','/panel/index.php',1,'样例模块','icon-leaf',1),(3,'数据统计','/index.php',1,'数据统计','icon-calendar',1),(4,'玩家管理','/index.php',1,'玩家管理','icon-user',1);
/*!40000 ALTER TABLE `osa_module` ENABLE KEYS */;
UNLOCK TABLES;

--
-- Table structure for table `osa_quick_note`
--

DROP TABLE IF EXISTS `osa_quick_note`;
/*!40101 SET @saved_cs_client     = @@character_set_client */;
/*!40101 SET character_set_client = utf8 */;
CREATE TABLE `osa_quick_note` (
  `note_id` int(10) unsigned NOT NULL AUTO_INCREMENT COMMENT 'note_id',
  `note_content` varchar(255) COLLATE utf8_unicode_ci NOT NULL COMMENT '内容',
  `owner_id` int(10) unsigned NOT NULL COMMENT '谁添加的',
  PRIMARY KEY (`note_id`)
) ENGINE=InnoDB DEFAULT CHARSET=utf8 COLLATE=utf8_unicode_ci COMMENT='用于显示的quick note';
/*!40101 SET character_set_client = @saved_cs_client */;

--
-- Dumping data for table `osa_quick_note`
--

LOCK TABLES `osa_quick_note` WRITE;
/*!40000 ALTER TABLE `osa_quick_note` DISABLE KEYS */;
/*!40000 ALTER TABLE `osa_quick_note` ENABLE KEYS */;
UNLOCK TABLES;

--
-- Table structure for table `osa_sys_log`
--

DROP TABLE IF EXISTS `osa_sys_log`;
/*!40101 SET @saved_cs_client     = @@character_set_client */;
/*!40101 SET character_set_client = utf8 */;
CREATE TABLE `osa_sys_log` (
  `op_id` int(11) NOT NULL AUTO_INCREMENT,
  `user_name` varchar(32) NOT NULL,
  `action` varchar(255) NOT NULL,
  `class_name` varchar(255) NOT NULL COMMENT '操作了哪个类的对象',
  `class_obj` varchar(32) NOT NULL COMMENT '操作的对象是谁，可能为对象的ID',
  `result` text NOT NULL COMMENT '操作的结果',
  `op_time` int(11) NOT NULL,
  PRIMARY KEY (`op_id`),
  KEY `op_time` (`op_time`),
  KEY `class_name` (`class_name`)
) ENGINE=InnoDB AUTO_INCREMENT=1773 DEFAULT CHARSET=utf8 COMMENT='操作日志表';
/*!40101 SET character_set_client = @saved_cs_client */;

--
-- Dumping data for table `osa_sys_log`
--

LOCK TABLES `osa_sys_log` WRITE;
/*!40000 ALTER TABLE `osa_sys_log` DISABLE KEYS */;
INSERT INTO `osa_sys_log` VALUES (1,'admin','LOGIN','User','1','{\"IP\":\"::1\"}',1492170220),(2,'admin','LOGOUT','User','1','',1492174595),(3,'admin','LOGIN','User','1','{\"IP\":\"118.186.200.10\"}',1492174599),(4,'admin','ADD','Module','3','{\"module_name\":\"\\u6570\\u636e\\u7edf\\u8ba1\",\"module_desc\":\"\\u6570\\u636e\\u7edf\\u8ba1\",\"module_url\":\"\\/index.php\",\"module_sort\":1,\"module_icon\":\"icon-calendar\"}',1492174905),(5,'admin','ADD','MenuUrl','104','{\"menu_name\":\"\\u9500\\u552e\\u5217\\u8868\",\"menu_url\":\"\\/panel\\/sales.php\",\"module_id\":\"3\",\"is_show\":\"1\",\"online\":1,\"menu_desc\":\"\\u9500\\u552e\\u5217\\u8868\",\"shortcut_allowed\":\"1\",\"father_menu\":\"0\"}',1492174981),(6,'admin','MODIFY','UserGroup','1','{\"group_role\":\"1,2,3,4,5,6,7,8,9,10,11,12,13,14,15,16,17,18,19,20,21,22,23,24,25,26,101,103,104\"}',1492175001),(7,'admin','LOGOUT','User','1','',1492176212),(8,'admin','LOGIN','User','1','{\"IP\":\"118.186.200.10\"}',1492176221),(9,'admin','LOGIN','User','1','{\"IP\":\"118.186.200.10\"}',1492176487),(10,'admin','LOGIN','User','1','{\"IP\":\"118.186.200.10\"}',1492183535),(11,'admin','LOGIN','User','1','{\"IP\":\"1.180.212.192\"}',1492201316),(12,'admin','LOGIN','User','1','{\"IP\":\"1.180.212.192\"}',1492204450),(13,'admin','LOGIN','User','1','{\"IP\":\"1.180.212.192\"}',1492204578),(14,'admin','LOGIN','User','1','{\"IP\":\"1.180.212.192\"}',1492204581),(15,'admin','LOGIN','User','1','{\"IP\":\"118.186.200.10\"}',1492219045),(16,'admin','LOGIN','User','1','{\"IP\":\"118.186.200.10\"}',1492220927),(17,'admin','LOGIN','User','1','{\"IP\":\"118.186.200.10\"}',1492228952),(18,'admin','LOGIN','User','1','{\"IP\":\"1.180.212.192\"}',1492236095),(19,'admin','LOGIN','User','1','{\"IP\":\"1.180.212.192\"}',1492237953),(20,'admin','LOGIN','User','1','{\"IP\":\"114.252.32.193\"}',1492249950),(21,'admin','LOGIN','User','1','{\"IP\":\"114.252.32.193\"}',1492252136),(22,'admin','LOGIN','User','1','{\"IP\":\"114.252.32.193\"}',1492257144),(23,'admin','LOGIN','User','1','{\"IP\":\"1.180.212.192\"}',1492265758),(24,'admin','LOGIN','User','1','{\"IP\":\"1.180.212.192\"}',1492277661),(25,'admin','LOGIN','User','1','{\"IP\":\"114.252.32.193\"}',1492277857),(26,'admin','LOGIN','User','','\"\\u7528\\u6237\\u540d\\u6216\\u5bc6\\u7801\\u9519\\u8bef\"',1492279410),(27,'admin','LOGIN','User','1','{\"IP\":\"114.252.32.193\"}',1492279418),(28,'admin','LOGIN','User','1','{\"IP\":\"1.180.212.192\"}',1492309806),(29,'admin','LOGIN','User','1','{\"IP\":\"118.186.200.10\"}',1492406245),(30,'admin','LOGIN','User','1','{\"IP\":\"118.186.200.10\"}',1492406325),(31,'admin','LOGIN','User','1','{\"IP\":\"118.186.200.10\"}',1492407366),(32,'admin','LOGIN','User','1','{\"IP\":\"118.186.200.10\"}',1492411675),(33,'admin','ADD','MenuUrl','105','{\"menu_name\":\"\\u7528\\u6237\\u7559\\u5b58\",\"menu_url\":\"\\/panel\\/player_retained\",\"module_id\":\"3\",\"is_show\":\"1\",\"online\":1,\"menu_desc\":\"\\u7528\\u6237\\u7559\\u5b58\",\"shortcut_allowed\":\"1\",\"father_menu\":\"0\"}',1492412058),(34,'admin','MODIFY','UserGroup','1','{\"group_role\":\"1,2,3,4,5,6,7,8,9,10,11,12,13,14,15,16,17,18,19,20,21,22,23,24,25,26,101,103,104,105\"}',1492412092),(35,'admin','MODIFY','UserGroup','1','{\"group_role\":\"1,2,3,4,5,6,7,8,9,10,11,12,13,14,15,16,17,18,19,20,21,22,23,24,25,26,101,103,104\"}',1492412175),(36,'admin','MODIFY','MenuUrl','105','{\"menu_name\":\"\\u73a9\\u5bb6\\u7559\\u5b58\",\"menu_url\":\"\\/panel\\/player_retained\",\"is_show\":\"1\",\"online\":\"1\",\"menu_desc\":\"\\u73a9\\u5bb6\\u7559\\u5b58\",\"shortcut_allowed\":\"1\",\"father_menu\":\"0\",\"module_id\":\"3\"}',1492412456),(37,'admin','MODIFY','MenuUrl','105','{\"menu_name\":\"\\u73a9\\u5bb6\\u7559\\u5b58\",\"menu_url\":\"\\/panel\\/player_retained.php\",\"is_show\":\"1\",\"online\":\"1\",\"menu_desc\":\"\\u73a9\\u5bb6\\u7559\\u5b58\",\"shortcut_allowed\":\"1\",\"father_menu\":\"0\",\"module_id\":\"3\"}',1492413637),(38,'admin','MODIFY','UserGroup','1','{\"group_role\":\"1,2,3,4,5,6,7,8,9,10,11,12,13,14,15,16,17,18,19,20,21,22,23,24,25,26,101,103,104,105\"}',1492416557),(39,'admin','LOGOUT','User','1','',1492418817),(40,'admin','LOGIN','User','1','{\"IP\":\"118.186.200.10\"}',1492418822),(41,'admin','LOGOUT','User','1','',1492419163),(42,'admin','LOGIN','User','1','{\"IP\":\"118.186.200.10\"}',1492419168),(43,'admin','LOGOUT','User','1','',1492422141),(44,'admin','LOGIN','User','1','{\"IP\":\"118.186.200.10\"}',1492422491),(45,'admin','LOGIN','User','1','{\"IP\":\"61.148.243.78\"}',1492430726),(46,'admin','LOGIN','User','1','{\"IP\":\"114.252.32.193\"}',1492438643),(47,'admin','LOGIN','User','1','{\"IP\":\"114.246.75.242\"}',1492447980),(48,'admin','LOGIN','User','1','{\"IP\":\"114.246.75.242\"}',1492476794),(49,'admin','LOGIN','User','1','{\"IP\":\"118.186.200.10\"}',1492500236),(50,'admin','LOGIN','User','1','{\"IP\":\"61.148.243.78\"}',1492515178),(51,'admin','ADD','User','27','{\"user_name\":\"xujiawei\",\"password\":\"\",\"real_name\":\"\\u5f90\\u5bb6\\u4f1f\",\"mobile\":\"13800000000\",\"email\":\"xujiawei@haiaigame.com\",\"user_desc\":\"\",\"user_group\":\"2\"}',1492570660),(52,'admin','MODIFY','UserGroup','2','{\"group_role\":\"1,5,17,18,20,22,23,24,25,104,105\"}',1492570684),(53,'admin','LOGOUT','User','1','',1492570688),(54,'xujiawei','LOGIN','User','27','{\"IP\":\"118.186.200.10\"}',1492570691),(55,'xujiawei','LOGOUT','User','27','',1492570709),(56,'xujiawei','LOGIN','User','27','{\"IP\":\"118.186.200.10\"}',1492571568),(57,'xujiawei','LOGOUT','User','27','',1492572288),(58,'admin','LOGIN','User','1','{\"IP\":\"118.186.200.10\"}',1492572292),(59,'admin','LOGIN','User','1','{\"IP\":\"118.186.200.10\"}',1492572293),(60,'admin','LOGIN','User','1','{\"IP\":\"118.186.200.10\"}',1492572294),(61,'admin','LOGIN','User','1','{\"IP\":\"118.186.200.10\"}',1492574044),(62,'admin','LOGIN','User','1','{\"IP\":\"118.186.200.10\"}',1492577956),(63,'xujiawei','LOGIN','User','27','{\"IP\":\"118.186.200.10\"}',1492589547),(64,'admin','MODIFY','UserGroup','1','{\"group_role\":\"1,2,3,4,5,6,7,8,9,10,11,12,13,14,15,16,17,18,19,20,21,22,23,24,25,26,104,105\"}',1492590059),(65,'xujiawei','MODIFY','User','27','{\"real_name\":\"\\u5f90\\u5bb6\\u4f1f\",\"mobile\":\"15313162812\",\"email\":\"xujiawei@haiaigame.com\",\"user_desc\":\"\",\"show_quicknote\":\"1\"}',1492593790),(66,'admin','LOGIN','User','1','{\"IP\":\"118.186.200.10\"}',1492598570),(67,'admin','LOGIN','User','1','{\"IP\":\"118.186.200.10\"}',1492617051),(68,'admin','LOGIN','User','1','{\"IP\":\"1.180.212.192\"}',1492624844),(69,'admin','LOGIN','User','1','{\"IP\":\"118.186.200.10\"}',1492655937),(70,'admin','ADD','MenuUrl','106','{\"menu_name\":\"\\u9500\\u552e\\u5217\\u8868\\u52a0\\u5f3a\\u7248\",\"menu_url\":\"\\/panel\\/sales_enhance.php\",\"module_id\":\"3\",\"is_show\":\"1\",\"online\":1,\"menu_desc\":\"\\u9500\\u552e\\u5217\\u8868\\u52a0\\u5f3a\\u7248\",\"shortcut_allowed\":\"1\",\"father_menu\":\"0\"}',1492681060),(71,'admin','ADD','MenuUrl','107','{\"menu_name\":\"\\u9500\\u552e\\u7ec6\\u8282\",\"menu_url\":\"\\/panel\\/sale_detail.php\",\"module_id\":\"3\",\"is_show\":\"0\",\"online\":1,\"menu_desc\":\"\\u9500\\u552e\\u7ec6\\u8282\",\"shortcut_allowed\":\"1\",\"father_menu\":\"106\"}',1492681119),(72,'admin','ADD','User','28','{\"user_name\":\"wuhuaiyu\",\"password\":\"\",\"real_name\":\"\\u6b66\\u6000\\u7389\",\"mobile\":\"13800000000\",\"email\":\"wuhuaiyu@haiaigame.com\",\"user_desc\":\"\\u6b66\\u6000\\u7389\",\"user_group\":\"2\"}',1492681221),(73,'admin','MODIFY','UserGroup','2','{\"group_role\":\"1,5,17,18,20,22,23,24,25,104,105,106,107\"}',1492681241),(74,'admin','LOGOUT','User','1','',1492681246),(75,'wuhuaiyu','LOGIN','User','28','{\"IP\":\"118.186.200.10\"}',1492681254),(76,'admin','LOGOUT','User','1','',1492681573),(77,'wuhuaiyu','LOGIN','User','28','{\"IP\":\"118.186.200.10\"}',1492681585),(78,'wuhuaiyu','LOGOUT','User','28','',1492681599),(79,'admin','LOGIN','User','1','{\"IP\":\"118.186.200.10\"}',1492681603),(80,'admin','MODIFY','UserGroup','2','{\"group_role\":\"1,2,3,5,17,18,20,22,23,24,25,104,105,106,107\"}',1492681623),(81,'wuhuaiyu','LOGOUT','User','28','',1492681665),(82,'wuhuaiyu','LOGIN','User','28','{\"IP\":\"118.186.200.10\"}',1492681669),(83,'wuhuaiyu','MODIFY','User','28','{\"real_name\":\"\\u6b66\\u6000\\u7389\",\"mobile\":\"13581773223\",\"email\":\"wuhuaiyu@haiaigame.com\",\"user_desc\":\"\\u6b66\\u6000\\u7389\",\"user_group\":\"2\",\"password\":\"713ba3bc9a36fb7ab755ca66907df5cd\",\"ip\":\"118.186.200.10\"}',1492681700),(84,'wuhuaiyu','LOGOUT','User','28','',1492681707),(85,'wuhuaiyu','LOGIN','User','28','{\"IP\":\"118.186.200.10\"}',1492681718),(86,'admin','LOGOUT','User','1','',1492681801),(87,'xujiawei','LOGIN','User','27','{\"IP\":\"118.186.200.10\"}',1492681809),(88,'xujiawei','LOGOUT','User','27','',1492684860),(89,'admin','LOGIN','User','1','{\"IP\":\"118.186.200.10\"}',1492684865),(90,'admin','MODIFY','UserGroup','2','{\"group_role\":\"1,3,5,17,18,20,22,23,24,25,104,105,106,107\"}',1492684875),(91,'admin','LOGOUT','User','1','',1492684878),(92,'xujiawei','LOGIN','User','27','{\"IP\":\"118.186.200.10\"}',1492684884),(93,'xujiawei','LOGIN','User','27','{\"IP\":\"61.148.243.78\"}',1492688114),(94,'admin','LOGIN','User','1','{\"IP\":\"1.180.212.192\"}',1492690675),(95,'wuhuaiyu','LOGIN','User','28','{\"IP\":\"118.186.200.10\"}',1492744306),(96,'admin','LOGIN','User','1','{\"IP\":\"121.34.29.19\"}',1492759090),(97,'xujiawei','LOGIN','User','27','{\"IP\":\"118.186.200.10\"}',1492764515),(98,'xujiawei','LOGOUT','User','27','',1492767024),(99,'admin','LOGIN','User','1','{\"IP\":\"118.186.200.10\"}',1492767032),(100,'admin','LOGOUT','User','1','',1492767059),(101,'xujiawei','LOGIN','User','27','{\"IP\":\"118.186.200.10\"}',1492767065),(102,'xujiawei','LOGOUT','User','27','',1492767622),(103,'admin','LOGIN','User','1','{\"IP\":\"118.186.200.10\"}',1492767628),(104,'admin','ADD','Module','4','{\"module_name\":\"\\u73a9\\u5bb6\\u7ba1\\u7406\",\"module_desc\":\"\\u73a9\\u5bb6\\u7ba1\\u7406\",\"module_url\":\"\\/index.php\",\"module_sort\":1,\"module_icon\":\"icon-user\"}',1492767750),(105,'admin','ADD','MenuUrl','108','{\"menu_name\":\"\\u73a9\\u5bb6\\u5217\\u8868\",\"menu_url\":\"\\/panel\\/players\",\"module_id\":\"4\",\"is_show\":\"1\",\"online\":1,\"menu_desc\":\"\\u73a9\\u5bb6\\u5217\\u8868\",\"shortcut_allowed\":\"1\",\"father_menu\":\"0\"}',1492767781),(106,'admin','MODIFY','UserGroup','2','{\"group_role\":\"1,3,5,17,18,20,22,23,24,25,104,105,106,107,108\"}',1492767800),(107,'admin','LOGOUT','User','1','',1492767804),(108,'xujiawei','LOGIN','User','27','{\"IP\":\"118.186.200.10\"}',1492767808),(109,'xujiawei','LOGOUT','User','27','',1492767833),(110,'admin','LOGIN','User','1','{\"IP\":\"118.186.200.10\"}',1492767839),(111,'admin','MODIFY','MenuUrl','108','{\"menu_name\":\"\\u73a9\\u5bb6\\u5217\\u8868\",\"menu_url\":\"\\/panel\\/players.php\",\"is_show\":\"1\",\"online\":\"1\",\"menu_desc\":\"\\u73a9\\u5bb6\\u5217\\u8868\",\"shortcut_allowed\":\"1\",\"father_menu\":\"0\",\"module_id\":\"4\"}',1492767873),(112,'admin','ADD','MenuUrl','109','{\"menu_name\":\"\\u4fee\\u6539\\u73a9\\u5bb6\\u4fe1\\u606f\",\"menu_url\":\"\\/panel\\/player_modify.php\",\"module_id\":\"4\",\"is_show\":\"0\",\"online\":1,\"menu_desc\":\"\\u4fee\\u6539\\u73a9\\u5bb6\\u4fe1\\u606f\",\"shortcut_allowed\":\"0\",\"father_menu\":\"108\"}',1492767950),(113,'admin','MODIFY','UserGroup','2','{\"group_role\":\"1,3,5,17,18,20,22,23,24,25,104,105,106,107,108,109\"}',1492767961),(114,'admin','LOGOUT','User','1','',1492767964),(115,'xujiawei','LOGIN','User','27','{\"IP\":\"118.186.200.10\"}',1492767969),(116,'wuhuaiyu','LOGOUT','User','28','',1492772050),(117,'wuhuaiyu','LOGIN','User','28','{\"IP\":\"118.186.200.10\"}',1492772055),(118,'admin','LOGIN','User','1','{\"IP\":\"117.136.0.202\"}',1492773552),(119,'xujiawei','LOGIN','User','27','{\"IP\":\"61.148.243.78\"}',1492774638),(120,'wuhuaiyu','LOGIN','User','28','{\"IP\":\"114.252.55.42\"}',1492776619),(121,'xujiawei','LOGIN','User','27','{\"IP\":\"1.180.212.192\"}',1492777675),(122,'xujiawei','LOGIN','User','27','{\"IP\":\"1.180.212.192\"}',1492827264),(123,'wuhuaiyu','LOGIN','User','28','{\"IP\":\"114.246.81.230\"}',1492837127),(124,'admin','LOGIN','User','1','{\"IP\":\"121.34.29.60\"}',1492839100),(125,'xujiawei','LOGIN','User','27','{\"IP\":\"1.180.215.79\"}',1492884012),(126,'xujiawei','LOGIN','User','27','{\"IP\":\"1.180.215.79\"}',1492884036),(127,'wuhuaiyu','LOGIN','User','28','{\"IP\":\"114.246.81.230\"}',1492897231),(128,'xujiawei','LOGIN','User','27','{\"IP\":\"1.180.215.79\"}',1492913026),(129,'xujiawei','LOGIN','User','27','{\"IP\":\"114.242.250.30\"}',1492930920),(130,'xujiawei','LOGIN','User','27','{\"IP\":\"114.242.250.30\"}',1492934019),(131,'xujiawei','LOGIN','User','27','{\"IP\":\"1.180.215.79\"}',1492935848),(132,'xujiawei','LOGIN','User','27','{\"IP\":\"1.180.215.79\"}',1492966498),(133,'xujiawei','LOGIN','User','27','{\"IP\":\"118.186.200.10\"}',1493001745),(134,'xujiawei','LOGIN','User','27','{\"IP\":\"118.186.200.10\"}',1493001921),(135,'admin','LOGIN','User','1','{\"IP\":\"118.186.200.10\"}',1493010499),(136,'wuhuaiyu','LOGIN','User','28','{\"IP\":\"118.186.200.10\"}',1493015552),(137,'wuhuaiyu','LOGIN','User','28','{\"IP\":\"118.186.200.10\"}',1493030181),(138,'xujiawei','LOGIN','User','27','{\"IP\":\"1.180.215.79\"}',1493039072),(139,'xujiawei','LOGOUT','User','27','',1493047543),(140,'admin','LOGIN','User','1','{\"IP\":\"1.180.215.79\"}',1493047550),(141,'admin','LOGOUT','User','1','',1493047610),(142,'xujiawei','LOGIN','User','27','{\"IP\":\"1.180.215.79\"}',1493047616),(143,'xujiawei','LOGIN','User','27','{\"IP\":\"1.180.215.79\"}',1493054780),(144,'xujiawei','LOGIN','User','27','{\"IP\":\"1.180.215.79\"}',1493083338),(145,'admin','LOGIN','User','1','{\"IP\":\"118.186.200.10\"}',1493093195),(146,'admin','LOGIN','User','1','{\"IP\":\"118.186.200.10\"}',1493093195),(147,'xujiawei','LOGIN','User','27','{\"IP\":\"61.148.243.171\"}',1493096237),(148,'xujiawei','LOGIN','User','27','{\"IP\":\"118.186.200.10\"}',1493104113),(149,'xujiawei','LOGIN','User','27','{\"IP\":\"1.180.215.79\"}',1493123266),(150,'xujiawei','LOGIN','User','27','{\"IP\":\"1.180.215.79\"}',1493138028),(151,'xujiawei','LOGIN','User','27','{\"IP\":\"1.180.215.79\"}',1493138155),(152,'xujiawei','LOGIN','User','27','{\"IP\":\"118.186.200.10\"}',1493187094),(153,'xujiawei','LOGIN','User','27','{\"IP\":\"61.148.244.161\"}',1493206996),(154,'xujiawei','LOGIN','User','27','{\"IP\":\"61.148.244.161\"}',1493207001),(155,'xujiawei','LOGIN','User','27','{\"IP\":\"1.180.212.138\"}',1493213378),(156,'wuhuaiyu','LOGIN','User','28','{\"IP\":\"114.246.81.230\"}',1493220816),(157,'xujiawei','LOGIN','User','27','{\"IP\":\"1.180.212.138\"}',1493227144),(158,'wuhuaiyu','LOGIN','User','28','{\"IP\":\"118.186.200.10\"}',1493275053),(159,'admin','LOGIN','User','1','{\"IP\":\"118.186.200.10\"}',1493275412),(160,'xujiawei','LOGIN','User','27','{\"IP\":\"1.180.212.138\"}',1493299359),(161,'wuhuaiyu','LOGIN','User','28','{\"IP\":\"114.246.81.230\"}',1493301895),(162,'wuhuaiyu','LOGIN','User','28','{\"IP\":\"114.246.81.230\"}',1493316005),(163,'xujiawei','LOGIN','User','27','{\"IP\":\"61.148.242.203\"}',1493344916),(164,'wuhuaiyu','LOGIN','User','28','{\"IP\":\"118.186.200.10\"}',1493350135),(165,'admin','LOGIN','User','1','{\"IP\":\"118.186.200.10\"}',1493368622),(166,'xujiawei','LOGIN','User','27','{\"IP\":\"118.186.200.10\"}',1493369864),(167,'xujiawei','LOGIN','User','27','{\"IP\":\"118.186.200.10\"}',1493372482),(168,'xujiawei','LOGIN','User','27','{\"IP\":\"118.186.200.10\"}',1493374784),(169,'admin ','LOGIN','User','1','{\"IP\":\"117.136.0.167\"}',1493375040),(170,'xujiawei','LOGIN','User','27','{\"IP\":\"1.180.212.138\"}',1493389406),(171,'xujiawei','LOGIN','User','27','{\"IP\":\"1.180.212.138\"}',1493400810),(172,'xujiawei','LOGIN','User','27','{\"IP\":\"61.148.244.189\"}',1493427524),(173,'xujiawei','LOGIN','User','27','{\"IP\":\"1.180.212.138\"}',1493449360),(174,'xujiawei','LOGIN','User','27','{\"IP\":\"1.180.212.138\"}',1493475495),(175,'wuhuaiyu','LOGIN','User','28','{\"IP\":\"222.129.233.20\"}',1493491465),(176,'xujiawei','LOGIN','User','27','{\"IP\":\"1.180.212.138\"}',1493493383),(177,'xujiawei','LOGIN','User','27','{\"IP\":\"1.180.212.138\"}',1493517680),(178,'xujiawei','LOGIN','User','27','{\"IP\":\"1.180.212.138\"}',1493526063),(179,'xujiawei','LOGIN','User','27','{\"IP\":\"1.180.212.138\"}',1493538905),(180,'xujiawei','LOGIN','User','27','{\"IP\":\"1.180.212.138\"}',1493567435),(181,'xujiawei','LOGIN','User','27','{\"IP\":\"1.180.212.138\"}',1493595429),(182,'xujiawei','LOGIN','User','27','{\"IP\":\"61.148.242.121\"}',1493608606),(183,'xujiawei','LOGIN','User','27','{\"IP\":\"1.180.212.138\"}',1493629796),(184,'xujiawei','LOGIN','User','27','{\"IP\":\"1.180.212.138\"}',1493649379),(185,'xujiawei','LOGIN','User','27','{\"IP\":\"1.180.212.138\"}',1493686530),(186,'xujiawei','LOGIN','User','27','{\"IP\":\"61.148.242.121\"}',1493690381),(187,'xujiawei','LOGIN','User','27','{\"IP\":\"118.186.200.10\"}',1493694697),(188,'xujiawei','LOGIN','User','27','{\"IP\":\"118.186.200.10\"}',1493717850),(189,'wuhuaiyu','LOGIN','User','28','{\"IP\":\"118.186.200.10\"}',1493723002),(190,'xujiawei','LOGIN','User','27','{\"IP\":\"1.180.212.138\"}',1493728037),(191,'admin','LOGIN','User','1','{\"IP\":\"118.186.200.10\"}',1493731593),(192,'xujiawei','LOGIN','User','27','{\"IP\":\"1.180.212.138\"}',1493772979),(193,'xujiawei','LOGIN','User','27','{\"IP\":\"1.180.212.138\"}',1493772981),(194,'xujiawei','LOGIN','User','27','{\"IP\":\"118.186.200.10\"}',1493778480),(195,'xujiawei','LOGIN','User','27','{\"IP\":\"118.186.200.10\"}',1493793368),(196,'xujiawei','LOGIN','User','27','{\"IP\":\"104.224.173.157\"}',1493806570),(197,'xujiawei','LOGIN','User','27','{\"IP\":\"118.186.200.10\"}',1493808435),(198,'xujiawei','LOGIN','User','27','{\"IP\":\"1.180.212.138\"}',1493816241),(199,'xujiawei','LOGIN','User','27','{\"IP\":\"1.180.212.138\"}',1493859624),(200,'xujiawei','LOGIN','User','27','{\"IP\":\"104.224.173.157\"}',1493864833),(201,'xujiawei','LOGIN','User','27','{\"IP\":\"118.186.200.10\"}',1493869147),(202,'xujiawei','LOGIN','User','27','{\"IP\":\"118.186.200.10\"}',1493869193),(203,'xujiawei','MODIFY','User','','{\"ip\":\"118.186.200.10\"}',1493869312),(204,'wuhuaiyu','LOGIN','User','28','{\"IP\":\"118.186.200.10\"}',1493869323),(205,'xujiawei','LOGIN','User','27','{\"IP\":\"118.186.200.10\"}',1493880671),(206,'admin','LOGIN','User','1','{\"IP\":\"118.186.200.10\"}',1493883572),(207,'wuhuaiyu','LOGIN','User','28','{\"IP\":\"118.186.200.10\"}',1493890720),(208,'xujiawei','LOGIN','User','27','{\"IP\":\"1.180.212.186\"}',1493904387),(209,'xujiawei','LOGIN','User','27','{\"IP\":\"1.180.212.138\"}',1493945856),(210,'xujiawei','LOGIN','User','27','{\"IP\":\"1.180.212.138\"}',1493947833),(211,'xujiawei','LOGIN','User','27','{\"IP\":\"118.186.200.10\"}',1493951416),(212,'xujiawei','LOGIN','User','27','{\"IP\":\"118.186.200.10\"}',1493955508),(213,'xujiawei','LOGIN','User','','\"\\u7528\\u6237\\u540d\\u6216\\u5bc6\\u7801\\u9519\\u8bef\"',1493956232),(214,'xujiawei','LOGIN','User','27','{\"IP\":\"118.186.200.10\"}',1493967654),(215,'admin','LOGIN','User','1','{\"IP\":\"118.186.200.10\"}',1493971707),(216,'admin','LOGIN','User','1','{\"IP\":\"118.186.200.10\"}',1493972665),(217,'wuhuaiyu','LOGIN','User','28','{\"IP\":\"118.186.200.10\"}',1493973720),(218,'wuhuaiyu','LOGIN','User','28','{\"IP\":\"118.186.200.10\"}',1493973838),(219,'xujiawei','LOGIN','User','27','{\"IP\":\"1.180.212.138\"}',1493987088),(220,'xujiawei','LOGIN','User','27','{\"IP\":\"1.180.212.138\"}',1494032480),(221,'admin','LOGIN','User','1','{\"IP\":\"223.72.90.144\"}',1494059687),(222,'wuhuaiyu','LOGIN','User','28','{\"IP\":\"114.246.90.66\"}',1494071717),(223,'xujiawei','LOGIN','User','27','{\"IP\":\"123.118.89.215\"}',1494079103),(224,'xujiawei','LOGIN','User','27','{\"IP\":\"1.180.212.138\"}',1494158265),(225,'xujiawei','LOGIN','User','27','{\"IP\":\"118.186.200.10\"}',1494218142),(226,'xujiawei','LOGIN','User','27','{\"IP\":\"1.180.212.138\"}',1494249692),(227,'xujiawei','LOGIN','User','27','{\"IP\":\"1.180.212.138\"}',1494249695),(228,'xujiawei','LOGIN','User','27','{\"IP\":\"118.186.200.10\"}',1494301920),(229,'xujiawei','LOGIN','User','27','{\"IP\":\"118.186.200.10\"}',1494301966),(230,'admin','LOGIN','User','1','{\"IP\":\"118.186.200.10\"}',1494318675),(231,'xujiawei','LOGIN','User','27','{\"IP\":\"118.186.200.10\"}',1494319035),(232,'xujiawei','LOGIN','User','27','{\"IP\":\"1.180.212.138\"}',1494334797),(233,'wuhuaiyu','LOGIN','User','','\"\\u7528\\u6237\\u540d\\u6216\\u5bc6\\u7801\\u9519\\u8bef\"',1494340762),(234,'wuhuaiyu','LOGIN','User','28','{\"IP\":\"114.246.90.66\"}',1494340792),(235,'xujiawei','LOGIN','User','27','{\"IP\":\"118.186.200.10\"}',1494383373),(236,'wuhuaiyu','LOGIN','User','28','{\"IP\":\"118.186.200.10\"}',1494383678),(237,'wuhuaiyu','LOGIN','User','28','{\"IP\":\"118.186.200.10\"}',1494383889),(238,'wuhuaiyu','LOGIN','User','28','{\"IP\":\"118.186.200.10\"}',1494400447),(239,'xujiawei','LOGIN','User','27','{\"IP\":\"118.186.200.10\"}',1494403117),(240,'xujiawei','LOGIN','User','27','{\"IP\":\"118.186.200.10\"}',1494405708),(241,'admin','LOGIN','User','1','{\"IP\":\"118.186.200.10\"}',1494406536),(242,'xujiawei','LOGIN','User','27','{\"IP\":\"118.186.200.10\"}',1494410041),(243,'xujiawei','LOGIN','User','27','{\"IP\":\"1.180.212.138\"}',1494427460),(244,'xujiawei','LOGIN','User','27','{\"IP\":\"118.186.200.10\"}',1494470615),(245,'xujiawei','LOGIN','User','27','{\"IP\":\"118.186.200.10\"}',1494494921),(246,'admin','LOGIN','User','1','{\"IP\":\"118.186.200.10\"}',1494499595),(247,'xujiawei','LOGIN','User','27','{\"IP\":\"118.186.200.10\"}',1494506147),(248,'wuhuaiyu','LOGIN','User','28','{\"IP\":\"118.186.200.10\"}',1494508148),(249,'wuhuaiyu','LOGIN','User','28','{\"IP\":\"118.186.200.10\"}',1494508160),(250,'xujiawei','LOGIN','User','27','{\"IP\":\"1.180.212.138\"}',1494510586),(251,'admin','LOGIN','User','1','{\"IP\":\"123.116.88.71\"}',1494528033),(252,'xujiawei','LOGIN','User','27','{\"IP\":\"118.186.200.10\"}',1494557359),(253,'wuhuaiyu','LOGIN','User','28','{\"IP\":\"118.186.200.10\"}',1494559168),(254,'xujiawei','LOGIN','User','27','{\"IP\":\"118.186.200.10\"}',1494559628),(255,'xujiawei','LOGIN','User','27','{\"IP\":\"118.186.200.10\"}',1494578336),(256,'admin','LOGIN','User','1','{\"IP\":\"118.186.200.10\"}',1494581591),(257,'xujiawei','LOGIN','User','27','{\"IP\":\"1.180.212.138\"}',1494597627),(258,'wuhuaiyu','LOGIN','User','28','{\"IP\":\"222.129.236.220\"}',1494605254),(259,'wuhuaiyu','LOGIN','User','28','{\"IP\":\"222.129.236.220\"}',1494641152),(260,'xujiawei','LOGIN','User','27','{\"IP\":\"61.148.244.61\"}',1494658329),(261,'xujiawei','LOGIN','User','27','{\"IP\":\"1.180.212.138\"}',1494660133),(262,'admin','LOGIN','User','1','{\"IP\":\"223.72.68.102\"}',1494665586),(263,'wuhuaiyu','LOGIN','User','28','{\"IP\":\"222.129.236.220\"}',1494691532),(264,'xujiawei','LOGIN','User','27','{\"IP\":\"1.180.212.138\"}',1494728560),(265,'xujiawei','LOGIN','User','27','{\"IP\":\"1.180.212.138\"}',1494764108),(266,'xujiawei','LOGIN','User','27','{\"IP\":\"1.180.212.138\"}',1494859876),(267,'admin ','LOGIN','User','1','{\"IP\":\"223.72.70.27\"}',1494864928),(268,'admin','LOGIN','User','1','{\"IP\":\"118.186.200.10\"}',1494925923),(269,'xujiawei','LOGIN','User','27','{\"IP\":\"118.186.200.10\"}',1494937216),(270,'xujiawei','LOGIN','User','27','{\"IP\":\"61.135.194.125\"}',1494941518),(271,'jiajing@haiaigame.com','LOGIN','User','','\"\\u7528\\u6237\\u540d\\u6216\\u5bc6\\u7801\\u9519\\u8bef\"',1495006639),(272,'jiajing@haiaigame.com','LOGIN','User','','\"\\u7528\\u6237\\u540d\\u6216\\u5bc6\\u7801\\u9519\\u8bef\"',1495006679),(273,'jiajing@haiaigame.com','LOGIN','User','','\"\\u7528\\u6237\\u540d\\u6216\\u5bc6\\u7801\\u9519\\u8bef\"',1495006686),(274,'admin','LOGIN','User','1','{\"IP\":\"118.186.200.10\"}',1495007545),(275,'admin','LOGIN','User','1','{\"IP\":\"118.186.200.10\"}',1495008070),(276,'xujiawei','LOGIN','User','27','{\"IP\":\"118.186.200.10\"}',1495010575),(277,'xujiawei','LOGIN','User','27','{\"IP\":\"118.186.200.10\"}',1495022108),(278,'xujiawei','LOGIN','User','27','{\"IP\":\"1.180.212.21\"}',1495035612),(279,'xujiawei','LOGIN','User','27','{\"IP\":\"118.186.200.10\"}',1495088473),(280,'admin','LOGIN','User','1','{\"IP\":\"118.186.200.10\"}',1495097227),(281,'admin','LOGIN','User','','\"\\u7528\\u6237\\u540d\\u6216\\u5bc6\\u7801\\u9519\\u8bef\"',1495098637),(282,'admin','LOGIN','User','','\"\\u7528\\u6237\\u540d\\u6216\\u5bc6\\u7801\\u9519\\u8bef\"',1495098644),(283,'admin','LOGIN','User','','\"\\u7528\\u6237\\u540d\\u6216\\u5bc6\\u7801\\u9519\\u8bef\"',1495098652),(284,'admin','LOGIN','User','1','{\"IP\":\"118.186.200.10\"}',1495098687),(285,'xujiawei','LOGIN','User','27','{\"IP\":\"118.186.200.10\"}',1495104028),(286,'xujiawei','LOGIN','User','27','{\"IP\":\"1.180.212.21\"}',1495111546),(287,'xujiawei','LOGIN','User','27','{\"IP\":\"118.186.200.10\"}',1495161189),(288,'admin','LOGIN','User','1','{\"IP\":\"123.116.84.11\"}',1495168649),(289,'admin','LOGIN','User','1','{\"IP\":\"118.186.200.10\"}',1495179982),(290,'admin','LOGIN','User','1','{\"IP\":\"118.186.200.10\"}',1495184569),(291,'xujiawei','LOGIN','User','27','{\"IP\":\"1.180.212.109\"}',1495199874),(292,'xujiawei','LOGIN','User','27','{\"IP\":\"1.180.212.109\"}',1495253161),(293,'xujiawei','LOGIN','User','27','{\"IP\":\"1.180.212.109\"}',1495293188),(294,'xujiawei','LOGIN','User','27','{\"IP\":\"1.180.212.109\"}',1495378576),(295,'wuhuaiyu','LOGIN','User','28','{\"IP\":\"123.123.105.63\"}',1495384911),(296,'xujiawei','LOGIN','User','27','{\"IP\":\"114.242.249.236\"}',1495435431),(297,'admin','LOGIN','User','1','{\"IP\":\"118.186.200.10\"}',1495445386),(298,'xujiawei','LOGIN','User','27','{\"IP\":\"118.186.200.10\"}',1495446739),(299,'xujiawei','LOGIN','User','27','{\"IP\":\"118.186.200.10\"}',1495451915),(300,'xujiawei','LOGIN','User','27','{\"IP\":\"1.180.212.109\"}',1495458379),(301,'xujiawei','LOGIN','User','27','{\"IP\":\"118.186.200.10\"}',1495521311),(302,'xujiawei','LOGIN','User','27','{\"IP\":\"118.186.200.10\"}',1495523496),(303,'xujiawei','LOGIN','User','27','{\"IP\":\"118.186.200.10\"}',1495537348),(304,'xujiawei','LOGIN','User','27','{\"IP\":\"1.180.212.109\"}',1495543032),(305,'xujiawei','LOGIN','User','27','{\"IP\":\"118.186.200.10\"}',1495594050),(306,'xujiawei','LOGIN','User','27','{\"IP\":\"118.186.200.10\"}',1495594057),(307,'xujiawei','LOGIN','User','27','{\"IP\":\"118.186.200.10\"}',1495594063),(308,'xujiawei','LOGIN','User','27','{\"IP\":\"118.186.200.10\"}',1495594088),(309,'xujiawei','LOGIN','User','27','{\"IP\":\"118.186.200.10\"}',1495594089),(310,'xujiawei','LOGIN','User','27','{\"IP\":\"118.186.200.10\"}',1495594097),(311,'xujiawei','LOGIN','User','27','{\"IP\":\"118.186.200.10\"}',1495595333),(312,'admin','LOGIN','User','1','{\"IP\":\"118.186.200.10\"}',1495605536),(313,'xujiawei','LOGIN','User','27','{\"IP\":\"118.186.200.10\"}',1495612682),(314,'admin','LOGIN','User','1','{\"IP\":\"118.186.200.10\"}',1495615603),(315,'wuhuaiyu','LOGIN','User','28','{\"IP\":\"118.186.200.10\"}',1495616077),(316,'xujiawei','LOGIN','User','27','{\"IP\":\"118.186.200.10\"}',1495622405),(317,'xujiawei','LOGIN','User','27','{\"IP\":\"36.102.227.20\"}',1495627912),(318,'xujiawei','LOGIN','User','27','{\"IP\":\"118.186.200.10\"}',1495683038),(319,'admin','LOGIN','User','1','{\"IP\":\"118.186.200.10\"}',1495690027),(320,'admin','LOGIN','User','1','{\"IP\":\"118.186.200.10\"}',1495696734),(321,'xujiawei','LOGIN','User','27','{\"IP\":\"36.102.227.245\"}',1495721577),(322,'xujiawei','LOGIN','User','27','{\"IP\":\"36.102.227.245\"}',1495721586),(323,'admin','LOGIN','User','1','{\"IP\":\"118.186.200.10\"}',1495770811),(324,'admin','LOGIN','User','1','{\"IP\":\"221.217.43.155\"}',1495790218),(325,'admin','LOGIN','User','1','{\"IP\":\"118.186.200.10\"}',1495792478),(326,'wuhuaiyu','LOGIN','User','28','{\"IP\":\"118.186.200.10\"}',1495794272),(327,'xujiawei','LOGIN','User','27','{\"IP\":\"36.102.227.245\"}',1495804830),(328,'admin','LOGIN','User','1','{\"IP\":\"118.186.200.10\"}',1495872366),(329,'xujiawei','LOGIN','User','27','{\"IP\":\"118.186.200.10\"}',1495879034),(330,'xujiawei','LOGIN','User','27','{\"IP\":\"36.102.227.137\"}',1495889899),(331,'xujiawei','LOGIN','User','27','{\"IP\":\"61.148.244.184\"}',1495934721),(332,'xujiawei','LOGIN','User','27','{\"IP\":\"36.102.227.137\"}',1495946473),(333,'admin ','LOGIN','User','1','{\"IP\":\"223.72.90.78\"}',1496059474),(334,'xujiawei','LOGIN','User','27','{\"IP\":\"36.102.227.137\"}',1496062389),(335,'xujiawei','LOGIN','User','27','{\"IP\":\"36.102.227.137\"}',1496138125),(336,'xujiawei','LOGIN','User','27','{\"IP\":\"36.102.227.137\"}',1496155900),(337,'admin','LOGIN','User','1','{\"IP\":\"118.186.200.10\"}',1496209026),(338,'admin','LOGIN','User','1','{\"IP\":\"118.186.200.10\"}',1496209040),(339,'xujiawei','LOGIN','User','27','{\"IP\":\"36.102.227.137\"}',1496242746),(340,'xujiawei','LOGIN','User','27','{\"IP\":\"118.186.200.10\"}',1496285487),(341,'admin','LOGIN','User','1','{\"IP\":\"118.186.200.10\"}',1496288369),(342,'xujiawei','LOGIN','User','27','{\"IP\":\"118.186.200.10\"}',1496299278),(343,'xujiawei','LOGIN','User','27','{\"IP\":\"118.186.200.10\"}',1496303711),(344,'xujiawei','LOGIN','User','27','{\"IP\":\"36.102.227.137\"}',1496329343),(345,'admin ','LOGIN','User','1','{\"IP\":\"117.136.45.130\"}',1496384052),(346,'admin','LOGIN','User','1','{\"IP\":\"118.186.200.10\"}',1496399044),(347,'admin','LOGIN','User','1','{\"IP\":\"118.186.200.10\"}',1496399061),(348,'xujiawei','LOGIN','User','27','{\"IP\":\"118.186.200.10\"}',1496402967),(349,'xujiawei','LOGIN','User','27','{\"IP\":\"36.102.227.137\"}',1496416396),(350,'xujiawei','LOGIN','User','27','{\"IP\":\"36.102.227.137\"}',1496460144),(351,'admin ','LOGIN','User','1','{\"IP\":\"117.136.66.135\"}',1496482058),(352,'xujiawei','LOGIN','User','27','{\"IP\":\"36.102.227.137\"}',1496485076),(353,'admin','LOGIN','User','1','{\"IP\":\"123.125.2.178\"}',1496485844),(354,'xujiawei','LOGIN','User','27','{\"IP\":\"36.102.227.137\"}',1496499911),(355,'xujiawei','LOGIN','User','27','{\"IP\":\"36.102.227.137\"}',1496504511),(356,'admin','LOGIN','User','1','{\"IP\":\"117.136.38.151\"}',1496553425),(357,'admin','LOGIN','User','1','{\"IP\":\"123.125.2.178\"}',1496573508),(358,'xujiawei','LOGIN','User','27','{\"IP\":\"36.102.227.137\"}',1496583762),(359,'admin','LOGIN','User','1','{\"IP\":\"118.186.200.10\"}',1496646691),(360,'xujiawei','LOGIN','User','27','{\"IP\":\"36.102.227.137\"}',1496675646),(361,'wuhuaiyu','LOGIN','User','28','{\"IP\":\"222.129.233.89\"}',1496710428),(362,'admin','LOGIN','User','1','{\"IP\":\"118.186.200.10\"}',1496737934),(363,'xujiawei','LOGIN','User','27','{\"IP\":\"36.102.227.137\"}',1496758081),(364,'xujiawei','LOGIN','User','27','{\"IP\":\"118.186.200.10\"}',1496804234),(365,'admin','LOGIN','User','1','{\"IP\":\"118.186.200.10\"}',1496819258),(366,'xujiawei','LOGIN','User','27','{\"IP\":\"118.186.200.10\"}',1496832810),(367,'xujiawei','LOGIN','User','27','{\"IP\":\"36.102.227.211\"}',1496844743),(368,'xujiawei','LOGIN','User','27','{\"IP\":\"118.186.200.10\"}',1496891741),(369,'xujiawei','LOGIN','User','27','{\"IP\":\"118.186.200.10\"}',1496909890),(370,'xujiawei','LOGIN','User','27','{\"IP\":\"118.186.200.10\"}',1496911371),(371,'xujiawei','LOGIN','User','27','{\"IP\":\"118.186.200.10\"}',1496919394),(372,'xujiawei','LOGIN','User','27','{\"IP\":\"36.102.227.211\"}',1496926185),(373,'xujiawei','LOGIN','User','27','{\"IP\":\"36.102.227.211\"}',1497020223),(374,'xujiawei','LOGIN','User','27','{\"IP\":\"36.102.227.211\"}',1497023645),(375,'xujiawei','LOGIN','User','27','{\"IP\":\"36.102.227.211\"}',1497100343),(376,'xujiawei','LOGIN','User','27','{\"IP\":\"36.102.227.211\"}',1497102466),(377,'xujiawei','LOGIN','User','27','{\"IP\":\"36.102.227.211\"}',1497151500),(378,'xujiawei','LOGIN','User','27','{\"IP\":\"36.102.227.211\"}',1497196034),(379,'xujiawei','LOGIN','User','27','{\"IP\":\"118.186.200.10\"}',1497234775),(380,'wuhuaiyu','LOGIN','User','28','{\"IP\":\"118.186.200.10\"}',1497246787),(381,'xujiawei','LOGIN','User','27','{\"IP\":\"118.186.200.10\"}',1497262085),(382,'wuhuaiyu','LOGIN','User','28','{\"IP\":\"118.186.200.10\"}',1497263390),(383,'xujiawei','LOGIN','User','27','{\"IP\":\"114.242.250.9\"}',1497268628),(384,'xujiawei','LOGIN','User','27','{\"IP\":\"36.102.227.137\"}',1497277421),(385,'xujiawei','LOGIN','User','27','{\"IP\":\"118.186.200.10\"}',1497342182),(386,'wuhuaiyu','LOGIN','User','28','{\"IP\":\"118.186.200.10\"}',1497342508),(387,'wuhuaiyu','LOGIN','User','28','{\"IP\":\"118.186.200.10\"}',1497343330),(388,'admin','LOGIN','User','1','{\"IP\":\"118.186.200.10\"}',1497344992),(389,'xujiawei','LOGIN','User','27','{\"IP\":\"118.186.200.10\"}',1497345532),(390,'wuhuaiyu','LOGIN','User','28','{\"IP\":\"123.125.90.51\"}',1497349412),(391,'xujiawei','LOGIN','User','27','{\"IP\":\"36.102.227.137\"}',1497367844),(392,'xujiawei','LOGIN','User','27','{\"IP\":\"118.186.200.10\"}',1497416915),(393,'xujiawei','LOGIN','User','27','{\"IP\":\"118.186.200.10\"}',1497419145),(394,'xujiawei','LOGIN','User','27','{\"IP\":\"118.186.200.10\"}',1497421045),(395,'xujiawei','LOGOUT','User','27','',1497421312),(396,'admin','LOGIN','User','1','{\"IP\":\"118.186.200.10\"}',1497421321),(397,'admin','ADD','User','29','{\"user_name\":\"dongliang\",\"password\":\"\",\"real_name\":\"\\u8463\\u4eae\",\"mobile\":\"13800000000\",\"email\":\"baidu@163.com\",\"user_desc\":\"\\u8463\\u4eae\",\"user_group\":\"2\"}',1497421395),(398,'admin','LOGOUT','User','1','',1497421399),(399,'dongliang','LOGIN','User','29','{\"IP\":\"118.186.200.10\"}',1497421410),(400,'dongliang','LOGOUT','User','29','',1497421474),(401,'dongliang','LOGIN','User','29','{\"IP\":\"118.186.200.10\"}',1497421557),(402,'wuhuaiyu','LOGIN','User','28','{\"IP\":\"118.186.200.10\"}',1497422140),(403,'admin','LOGIN','User','1','{\"IP\":\"118.186.200.10\"}',1497435152),(404,'xujiawei','LOGIN','User','27','{\"IP\":\"36.102.227.137\"}',1497443830),(405,'xujiawei','LOGIN','User','27','{\"IP\":\"36.102.227.137\"}',1497490380),(406,'admin','LOGIN','User','1','{\"IP\":\"118.186.200.10\"}',1497498277),(407,'admin','LOGOUT','User','1','',1497498281),(408,'xujiawei','LOGIN','User','27','{\"IP\":\"118.186.200.10\"}',1497498287),(409,'xujiawei','LOGIN','User','27','{\"IP\":\"118.186.200.10\"}',1497505148),(410,'admin','LOGIN','User','1','{\"IP\":\"118.186.200.10\"}',1497519572),(411,'admin','LOGIN','User','1','{\"IP\":\"118.186.200.10\"}',1497519578),(412,'admin','LOGIN','User','1','{\"IP\":\"118.186.200.10\"}',1497519581),(413,'admin','LOGIN','User','1','{\"IP\":\"118.186.200.10\"}',1497519582),(414,'xujiawei','LOGIN','User','27','{\"IP\":\"118.186.200.10\"}',1497522166),(415,'xujiawei','LOGIN','User','27','{\"IP\":\"36.102.227.137\"}',1497530793),(416,'xujiawei','LOGIN','User','27','{\"IP\":\"118.186.200.10\"}',1497610181),(417,'xujiawei','LOGIN','User','27','{\"IP\":\"36.102.227.137\"}',1497624202),(418,'xujiawei','LOGIN','User','27','{\"IP\":\"61.148.242.17\"}',1497663026),(419,'xujiawei','LOGIN','User','27','{\"IP\":\"36.102.227.137\"}',1497677516),(420,'xujiawei','LOGIN','User','27','{\"IP\":\"36.102.227.137\"}',1497799103),(421,'xujiawei','LOGIN','User','27','{\"IP\":\"36.102.227.137\"}',1497799112),(422,'xujiawei','LOGIN','User','27','{\"IP\":\"118.186.200.10\"}',1497839206),(423,'admin','LOGIN','User','1','{\"IP\":\"118.186.200.10\"}',1497841117),(424,'wuhuaiyu','LOGIN','User','28','{\"IP\":\"118.186.200.10\"}',1497862262),(425,'wuhuaiyu','LOGIN','User','28','{\"IP\":\"118.186.200.10\"}',1497862524),(426,'admin','LOGIN','User','1','{\"IP\":\"118.186.200.10\"}',1497865862),(427,'xujiawei','LOGIN','User','27','{\"IP\":\"36.102.227.137\"}',1497885089),(428,'xujiawei','LOGIN','User','27','{\"IP\":\"118.186.200.10\"}',1497929182),(429,'xujiawei','LOGIN','User','27','{\"IP\":\"118.186.200.10\"}',1497943908),(430,'admin','LOGIN','User','1','{\"IP\":\"118.186.200.10\"}',1497944319),(431,'admin','LOGIN','User','1','{\"IP\":\"118.186.200.10\"}',1497944608),(432,'xujiawei','LOGIN','User','27','{\"IP\":\"118.186.200.10\"}',1497953030),(433,'xujiawei','LOGIN','User','27','{\"IP\":\"36.102.227.137\"}',1497964619),(434,'admin','LOGIN','User','1','{\"IP\":\"118.186.200.10\"}',1498035876),(435,'xujiawei','LOGIN','User','27','{\"IP\":\"36.102.227.116\"}',1498046860),(436,'xujiawei','LOGIN','User','27','{\"IP\":\"118.186.200.10\"}',1498098629),(437,'admin','LOGIN','User','1','{\"IP\":\"118.186.200.10\"}',1498120094),(438,'xujiawei','LOGIN','User','27','{\"IP\":\"118.186.200.10\"}',1498126841),(439,'xujiawei','LOGIN','User','27','{\"IP\":\"36.102.227.116\"}',1498133707),(440,'xujiawei','LOGIN','User','27','{\"IP\":\"36.102.227.17\"}',1498232713),(441,'xujiawei','LOGIN','User','27','{\"IP\":\"36.102.227.17\"}',1498308763),(442,'xujiawei','LOGIN','User','27','{\"IP\":\"36.102.227.17\"}',1498394502),(443,'xujiawei','LOGIN','User','27','{\"IP\":\"118.186.200.10\"}',1498472299),(444,'xujiawei','LOGIN','User','27','{\"IP\":\"36.102.227.17\"}',1498489346),(445,'xujiawei','LOGIN','User','27','{\"IP\":\"118.186.200.10\"}',1498549165),(446,'xujiawei','LOGIN','User','27','{\"IP\":\"118.186.200.10\"}',1498567115),(447,'xujiawei','LOGIN','User','27','{\"IP\":\"36.102.227.17\"}',1498577162),(448,'xujiawei','LOGIN','User','27','{\"IP\":\"118.186.200.10\"}',1498641298),(449,'wuhuaiyu','LOGIN','User','28','{\"IP\":\"118.186.200.10\"}',1498641717),(450,'admin','LOGIN','User','1','{\"IP\":\"118.186.200.10\"}',1498645546),(451,'xujiawei','LOGIN','User','27','{\"IP\":\"36.102.227.17\"}',1498659421),(452,'xujiawei','LOGIN','User','27','{\"IP\":\"118.186.200.10\"}',1498705300),(453,'admin','LOGIN','User','','\"\\u7528\\u6237\\u540d\\u6216\\u5bc6\\u7801\\u9519\\u8bef\"',1498731299),(454,'admin','LOGIN','User','1','{\"IP\":\"118.186.200.10\"}',1498731303),(455,'xujiawei','LOGIN','User','27','{\"IP\":\"118.186.200.10\"}',1498731627),(456,'xujiawei','LOGIN','User','27','{\"IP\":\"36.102.227.17\"}',1498747863),(457,'xujiawei','LOGIN','User','27','{\"IP\":\"118.186.200.10\"}',1498811141),(458,'admin','LOGIN','User','1','{\"IP\":\"118.186.200.10\"}',1498823378),(459,'xujiawei','LOGIN','User','27','{\"IP\":\"118.186.200.10\"}',1498823736),(460,'xujiawei','LOGIN','User','27','{\"IP\":\"36.102.227.17\"}',1498833479),(461,'xujiawei','LOGIN','User','27','{\"IP\":\"36.102.227.211\"}',1498919436),(462,'xujiawei','LOGIN','User','27','{\"IP\":\"36.102.227.211\"}',1498923858),(463,'wuhuaiyu','LOGIN','User','28','{\"IP\":\"222.131.155.139\"}',1498926664),(464,'xujiawei','LOGIN','User','27','{\"IP\":\"36.102.227.211\"}',1498958509),(465,'xujiawei','LOGIN','User','27','{\"IP\":\"118.186.200.10\"}',1499054759),(466,'admin','LOGIN','User','1','{\"IP\":\"118.186.200.10\"}',1499080767),(467,'xujiawei','LOGIN','User','27','{\"IP\":\"36.102.227.211\"}',1499093053),(468,'admin','LOGIN','User','1','{\"IP\":\"118.186.200.10\"}',1499136225),(469,'xujiawei','LOGIN','User','27','{\"IP\":\"118.186.200.10\"}',1499141810),(470,'xujiawei','LOGIN','User','27','{\"IP\":\"36.102.227.211\"}',1499182199),(471,'xujiawei','LOGIN','User','27','{\"IP\":\"118.186.200.10\"}',1499230641),(472,'xujiawei','LOGIN','User','27','{\"IP\":\"118.186.200.10\"}',1499235928),(473,'admin','LOGIN','User','1','{\"IP\":\"118.186.200.10\"}',1499241784),(474,'xujiawei','LOGIN','User','27','{\"IP\":\"118.186.200.10\"}',1499248314),(475,'xujiawei','LOGIN','User','27','{\"IP\":\"118.186.200.10\"}',1499258979),(476,'xujiawei','LOGIN','User','27','{\"IP\":\"183.240.196.63\"}',1499264569),(477,'xujiawei','LOGIN','User','27','{\"IP\":\"183.240.196.63\"}',1499353686),(478,'admin','LOGIN','User','1','{\"IP\":\"118.186.200.10\"}',1499424240),(479,'xujiawei','LOGIN','User','27','{\"IP\":\"118.186.200.10\"}',1499425029),(480,'xujiawei','LOGIN','User','27','{\"IP\":\"183.240.196.63\"}',1499439385),(481,'xujiawei','LOGIN','User','27','{\"IP\":\"183.240.196.63\"}',1499528993),(482,'xujiawei','LOGIN','User','27','{\"IP\":\"183.240.196.63\"}',1499532267),(483,'xujiawei','LOGIN','User','27','{\"IP\":\"183.240.196.63\"}',1499608395),(484,'admin','LOGIN','User','1','{\"IP\":\"118.186.200.10\"}',1499664194),(485,'admin','LOGIN','User','1','{\"IP\":\"118.186.200.10\"}',1499681232),(486,'xujiawei','LOGIN','User','27','{\"IP\":\"118.186.200.10\"}',1499694385),(487,'xujiawei','LOGIN','User','27','{\"IP\":\"183.240.196.63\"}',1499700434),(488,'xujiawei','LOGIN','User','27','{\"IP\":\"183.240.196.63\"}',1499701754),(489,'admin','LOGIN','User','1','{\"IP\":\"118.186.200.10\"}',1499768752),(490,'xujiawei','LOGIN','User','27','{\"IP\":\"183.240.196.63\"}',1499779840),(491,'xujiawei','LOGIN','User','27','{\"IP\":\"118.186.200.10\"}',1499829596),(492,'admin','LOGIN','User','1','{\"IP\":\"118.186.200.10\"}',1499830520),(493,'admin','LOGIN','User','1','{\"IP\":\"118.186.200.10\"}',1499830539),(494,'admin','LOGIN','User','1','{\"IP\":\"118.186.200.10\"}',1499832513),(495,'xujiawei','LOGIN','User','27','{\"IP\":\"118.186.200.10\"}',1499838970),(496,'admin','LOGIN','User','1','{\"IP\":\"118.186.200.10\"}',1499840770),(497,'xujiawei','LOGIN','User','27','{\"IP\":\"183.240.196.63\"}',1499866671),(498,'xujiawei','LOGIN','User','27','{\"IP\":\"118.186.200.10\"}',1499932813),(499,'xujiawei','LOGIN','User','27','{\"IP\":\"118.186.200.10\"}',1499937350),(500,'admin','LOGIN','User','1','{\"IP\":\"118.186.200.10\"}',1499944656),(501,'xujiawei','LOGIN','User','27','{\"IP\":\"183.240.196.63\"}',1499950553),(502,'xujiawei','LOGIN','User','27','{\"IP\":\"118.186.200.10\"}',1499997825),(503,'admin','LOGIN','User','1','{\"IP\":\"118.186.200.10\"}',1499998724),(504,'xujiawei','LOGIN','User','27','{\"IP\":\"118.186.200.10\"}',1500012036),(505,'wuhuaiyu','LOGIN','User','28','{\"IP\":\"118.186.200.10\"}',1500014535),(506,'admin','LOGIN','User','1','{\"IP\":\"118.186.200.10\"}',1500015314),(507,'admin','LOGIN','User','1','{\"IP\":\"118.186.200.10\"}',1500015950),(508,'xujiawei','LOGOUT','User','27','',1500016832),(509,'admin','LOGIN','User','1','{\"IP\":\"118.186.200.10\"}',1500016840),(510,'admin','LOGOUT','User','1','',1500016868),(511,'dongliang','LOGIN','User','','\"\\u7528\\u6237\\u540d\\u6216\\u5bc6\\u7801\\u9519\\u8bef\"',1500016877),(512,'dongliang','LOGIN','User','','\"\\u7528\\u6237\\u540d\\u6216\\u5bc6\\u7801\\u9519\\u8bef\"',1500016883),(513,'dongliang','LOGIN','User','','\"\\u7528\\u6237\\u540d\\u6216\\u5bc6\\u7801\\u9519\\u8bef\"',1500016885),(514,'dongliang','LOGIN','User','29','{\"IP\":\"118.186.200.10\"}',1500016891),(515,'dongliang','LOGOUT','User','29','',1500016903),(516,'dongliang','LOGIN','User','29','{\"IP\":\"118.186.200.10\"}',1500016910),(517,'dongliang','LOGIN','User','29','{\"IP\":\"118.186.200.10\"}',1500017108),(518,'wuhuaiyu','LOGIN','User','28','{\"IP\":\"118.186.200.10\"}',1500018444),(519,'xujiawei','LOGIN','User','27','{\"IP\":\"118.186.200.10\"}',1500020598),(520,'xujiawei','LOGIN','User','27','{\"IP\":\"183.240.196.63\"}',1500038479),(521,'xujiawei','LOGIN','User','27','{\"IP\":\"183.240.196.63\"}',1500038482),(522,'wuhuaiyu','LOGIN','User','28','{\"IP\":\"114.252.59.167\"}',1500051447),(523,'wuhuaiyu','LOGIN','User','28','{\"IP\":\"114.252.59.167\"}',1500074916),(524,'xujiawei','LOGIN','User','27','{\"IP\":\"183.240.196.63\"}',1500089029),(525,'xujiawei','LOGIN','User','27','{\"IP\":\"183.240.196.63\"}',1500089031),(526,'dongliang','LOGIN','User','29','{\"IP\":\"223.104.3.232\"}',1500127397),(527,'dongliang','LOGIN','User','29','{\"IP\":\"221.217.35.86\"}',1500127500),(528,'xujiawei','LOGIN','User','27','{\"IP\":\"183.240.196.63\"}',1500170134),(529,'xujiawei','LOGIN','User','27','{\"IP\":\"183.240.196.63\"}',1500170184),(530,'dongliang','LOGIN','User','29','{\"IP\":\"223.104.3.232\"}',1500190217),(531,'admin','LOGIN','User','1','{\"IP\":\"36.102.227.54\"}',1500195707),(532,'wuhuaiyu','LOGIN','User','28','{\"IP\":\"114.252.59.167\"}',1500218648),(533,'wuhuaiyu','LOGIN','User','28','{\"IP\":\"114.252.59.167\"}',1500218745),(534,'admin','LOGIN','User','1','{\"IP\":\"118.186.200.10\"}',1500263889),(535,'admin','LOGIN','User','1','{\"IP\":\"118.186.200.10\"}',1500276643),(536,'admin','LOGIN','User','1','{\"IP\":\"118.186.200.10\"}',1500289229),(537,'xujiawei','LOGIN','User','27','{\"IP\":\"118.186.200.10\"}',1500289780),(538,'xujiawei','LOGIN','User','27','{\"IP\":\"118.186.200.10\"}',1500344323),(539,'wuhuaiyu','LOGIN','User','28','{\"IP\":\"118.186.200.10\"}',1500345751),(540,'wuhuaiyu','LOGIN','User','28','{\"IP\":\"118.186.200.10\"}',1500346067),(541,'wuhuaiyu','LOGIN','User','28','{\"IP\":\"118.186.200.10\"}',1500347934),(542,'wuhuaiyu','LOGIN','User','28','{\"IP\":\"118.186.200.10\"}',1500348273),(543,'xujiawei','LOGIN','User','27','{\"IP\":\"118.186.200.10\"}',1500354286),(544,'dongliang','LOGIN','User','29','{\"IP\":\"118.186.200.10\"}',1500359429),(545,'dongliang','LOGIN','User','29','{\"IP\":\"118.186.200.10\"}',1500359441),(546,'xujiawei','LOGIN','User','27','{\"IP\":\"118.186.200.10\"}',1500360582),(547,'xujiawei','LOGIN','User','27','{\"IP\":\"118.186.200.10\"}',1500360589),(548,'xujiawei','LOGIN','User','27','{\"IP\":\"183.240.196.63\"}',1500385558),(549,'xujiawei','LOGIN','User','27','{\"IP\":\"183.240.196.63\"}',1500385560),(550,'wuhuaiyu','LOGIN','User','28','{\"IP\":\"114.253.35.217\"}',1500427134),(551,'xujiawei','LOGIN','User','27','{\"IP\":\"118.186.200.10\"}',1500436565),(552,'xujiawei','LOGIN','User','27','{\"IP\":\"118.186.200.10\"}',1500438788),(553,'admin','LOGIN','User','1','{\"IP\":\"118.186.200.10\"}',1500447987),(554,'wuhuaiyu','LOGIN','User','28','{\"IP\":\"118.186.200.10\"}',1500449669),(555,'xujiawei','LOGIN','User','27','{\"IP\":\"118.186.200.10\"}',1500460837),(556,'xujiawei','LOGIN','User','27','{\"IP\":\"183.240.196.63\"}',1500469393),(557,'xujiawei','LOGIN','User','27','{\"IP\":\"183.240.196.63\"}',1500469396),(558,'wuhuaiyu','LOGIN','User','28','{\"IP\":\"114.253.35.217\"}',1500480384),(559,'wuhuaiyu','LOGIN','User','28','{\"IP\":\"118.186.200.10\"}',1500529159),(560,'wuhuaiyu','LOGIN','User','28','{\"IP\":\"118.186.200.10\"}',1500532711),(561,'dongliang','LOGIN','User','29','{\"IP\":\"118.186.200.10\"}',1500534728),(562,'xujiawei','LOGIN','User','27','{\"IP\":\"118.186.200.10\"}',1500538393),(563,'admin','LOGIN','User','1','{\"IP\":\"118.186.200.10\"}',1500550229),(564,'xujiawei','LOGIN','User','27','{\"IP\":\"183.240.196.63\"}',1500560472),(565,'xujiawei','LOGIN','User','27','{\"IP\":\"183.240.196.63\"}',1500560477),(566,'admin','LOGIN','User','1','{\"IP\":\"118.186.200.10\"}',1500631766),(567,'xujiawei','LOGIN','User','27','{\"IP\":\"183.240.196.63\"}',1500647651),(568,'xujiawei','LOGIN','User','27','{\"IP\":\"183.240.196.63\"}',1500647653),(569,'xujiawei','LOGIN','User','27','{\"IP\":\"183.240.196.63\"}',1500738504),(570,'xujiawei','LOGIN','User','27','{\"IP\":\"183.240.196.63\"}',1500738506),(571,'xujiawei','LOGIN','User','27','{\"IP\":\"183.240.196.63\"}',1500822556),(572,'xujiawei','LOGIN','User','27','{\"IP\":\"183.240.196.63\"}',1500822558),(573,'xujiawei','LOGIN','User','27','{\"IP\":\"183.240.196.63\"}',1500824891),(574,'wuhuaiyu','LOGIN','User','28','{\"IP\":\"114.246.68.67\"}',1500836143),(575,'wuhuaiyu','LOGIN','User','28','{\"IP\":\"118.186.200.10\"}',1500878046),(576,'admin','LOGIN','User','1','{\"IP\":\"118.186.200.10\"}',1500882447),(577,'admin','LOGIN','User','1','{\"IP\":\"118.186.200.10\"}',1500883620),(578,'wuhuaiyu','LOGIN','User','28','{\"IP\":\"118.186.200.10\"}',1500884660),(579,'admin','LOGOUT','User','1','',1500886830),(580,'dongliang','LOGIN','User','29','{\"IP\":\"118.186.200.10\"}',1500886840),(581,'xujiawei','LOGIN','User','27','{\"IP\":\"118.186.200.10\"}',1500889992),(582,'xujiawei','LOGIN','User','27','{\"IP\":\"183.240.196.63\"}',1500909398),(583,'xujiawei','LOGIN','User','27','{\"IP\":\"183.240.196.63\"}',1500909400),(584,'admin','LOGIN','User','1','{\"IP\":\"118.186.200.10\"}',1500965591),(585,'xujiawei','LOGIN','User','27','{\"IP\":\"183.240.196.63\"}',1500993343),(586,'xujiawei','LOGIN','User','27','{\"IP\":\"183.240.196.63\"}',1500993345),(587,'xujiawei','LOGIN','User','27','{\"IP\":\"183.240.196.63\"}',1501084139),(588,'xujiawei','LOGIN','User','27','{\"IP\":\"183.240.196.63\"}',1501084140),(589,'wuhuaiyu','LOGIN','User','28','{\"IP\":\"114.246.68.67\"}',1501089695),(590,'admin','LOGIN','User','1','{\"IP\":\"118.186.200.10\"}',1501142246),(591,'xujiawei','LOGIN','User','27','{\"IP\":\"183.240.196.63\"}',1501168257),(592,'xujiawei','LOGIN','User','27','{\"IP\":\"183.240.196.63\"}',1501168259),(593,'wuhuaiyu','LOGIN','User','28','{\"IP\":\"118.186.200.10\"}',1501220435),(594,'admin','LOGIN','User','1','{\"IP\":\"118.186.200.10\"}',1501224575),(595,'xujiawei','LOGIN','User','27','{\"IP\":\"114.242.249.205\"}',1501297857),(596,'xujiawei','LOGIN','User','27','{\"IP\":\"114.242.249.205\"}',1501297972),(597,'xujiawei','LOGIN','User','27','{\"IP\":\"183.240.196.63\"}',1501426289),(598,'xujiawei','LOGIN','User','27','{\"IP\":\"183.240.196.63\"}',1501426291),(599,'wuhuaiyu','LOGIN','User','28','{\"IP\":\"118.186.200.10\"}',1501471181),(600,'admin','LOGIN','User','1','{\"IP\":\"118.186.200.10\"}',1501473984),(601,'xujiawei','LOGOUT','User','27','',1501479174),(602,'admin','LOGIN','User','1','{\"IP\":\"118.186.200.10\"}',1501479179),(603,'admin','LOGOUT','User','1','',1501480193),(604,'xujiawei','LOGIN','User','27','{\"IP\":\"118.186.200.10\"}',1501480199),(605,'xujiawei','LOGIN','User','27','{\"IP\":\"118.186.200.10\"}',1501487792),(606,'xujiawei','LOGIN','User','27','{\"IP\":\"183.240.196.63\"}',1501502818),(607,'xujiawei','LOGIN','User','27','{\"IP\":\"183.240.196.63\"}',1501502819),(608,'wuhuaiyu','LOGIN','User','28','{\"IP\":\"118.186.200.10\"}',1501576262),(609,'xujiawei','LOGIN','User','27','{\"IP\":\"183.240.196.63\"}',1501595804),(610,'xujiawei','LOGIN','User','27','{\"IP\":\"183.240.196.63\"}',1501595805),(611,'wuhuaiyu','LOGIN','User','28','{\"IP\":\"118.186.200.10\"}',1501658148),(612,'xujiawei','LOGIN','User','27','{\"IP\":\"118.186.200.10\"}',1501660088),(613,'admin','LOGIN','User','','\"\\u7528\\u6237\\u540d\\u6216\\u5bc6\\u7801\\u9519\\u8bef\"',1501664575),(614,'admin','LOGIN','User','','\"\\u7528\\u6237\\u540d\\u6216\\u5bc6\\u7801\\u9519\\u8bef\"',1501664578),(615,'admin','LOGIN','User','','\"\\u7528\\u6237\\u540d\\u6216\\u5bc6\\u7801\\u9519\\u8bef\"',1501664586),(616,'admin','LOGIN','User','','\"\\u7528\\u6237\\u540d\\u6216\\u5bc6\\u7801\\u9519\\u8bef\"',1501664587),(617,'admin','LOGIN','User','1','{\"IP\":\"118.186.200.10\"}',1501664590),(618,'admin','ADD','MenuUrl','110','{\"menu_name\":\"\\u4fee\\u6539\\u9500\\u552e\\u4fe1\\u606f\",\"menu_url\":\"\\/panel\\/sale_modify.php\",\"module_id\":\"1\",\"is_show\":\"1\",\"online\":1,\"menu_desc\":\"\\u4fee\\u6539\\u9500\\u552e\\u4fe1\\u606f\",\"shortcut_allowed\":\"0\",\"father_menu\":\"0\"}',1501664706),(619,'admin','ADD','UserGroup','3','{\"group_name\":\"3\",\"group_desc\":\"\\u7279\\u6b8a\\u8d26\\u53f7\\u7ec4\",\"group_role\":\"1,5,17,18,22,23,24,25\",\"owner_id\":\"1\"}',1501665240),(620,'admin','MODIFY','UserGroup','3','{\"group_name\":\"\\u7279\\u6b8a\\u8d26\\u53f7\\u7ec4\",\"group_desc\":\"\\u7279\\u6b8a\\u8d26\\u53f7\\u7ec4\"}',1501665263),(621,'admin','MODIFY','UserGroup','3','{\"group_role\":\"1,5,17,18,22,23,24,25,104,105,106,107,108,109\"}',1501665296),(622,'admin','MODIFY','UserGroup','3','{\"group_role\":\"1,5,17,18,22,23,24,25,110,104,105,106,107,108,109\"}',1501665307),(623,'admin','LOGOUT','User','1','',1501665314),(624,'admin','LOGIN','User','1','{\"IP\":\"118.186.200.10\"}',1501665318),(625,'admin','ADD','User','30','{\"user_name\":\"wangzewei\",\"password\":\"\",\"real_name\":\"\\u738b\\u6cfd\\u7ef4\",\"mobile\":\"13800000000\",\"email\":\"wangzewei@haiaigame.com\",\"user_desc\":\"\\u738b\\u6cfd\\u7ef4\",\"user_group\":\"3\"}',1501665383),(626,'admin','LOGOUT','User','1','',1501665387),(627,'wangzewei','LOGIN','User','30','{\"IP\":\"118.186.200.10\"}',1501665392),(628,'wangzewei','MODIFY','DailyRecord','','{\"activeUsers\":\"1092\",\"addedUsers\":\"409\",\"payUsers\":\"4\",\"payRate\":\"0.37%\",\"payAmount\":\"251.83$\",\"arpu\":\"0.23$\",\"arppu\":\"62.96$\",\"ip\":\"118.186.200.10\"}',1501665454),(629,'wangzewei','MODIFY','DailyRecord','','{\"activeUsers\":\"1091\",\"addedUsers\":\"409\",\"payUsers\":\"4\",\"payRate\":\"0.37%\",\"payAmount\":\"251.83\",\"arpu\":\"0.23$\",\"arppu\":\"62.96$\",\"ip\":\"118.186.200.10\"}',1501665512),(630,'wangzewei','LOGOUT','User','30','',1501665757),(631,'xujiawei','LOGIN','User','27','{\"IP\":\"118.186.200.10\"}',1501665969),(632,'xujiawei','LOGOUT','User','27','',1501665986),(633,'wangzewei','LOGIN','User','30','{\"IP\":\"118.186.200.10\"}',1501665992),(634,'wangzewei','LOGOUT','User','30','',1501666004),(635,'admin','LOGIN','User','1','{\"IP\":\"118.186.200.10\"}',1501666009),(636,'admin','MODIFY','UserGroup','3','{\"group_role\":\"1,5,17,18,22,23,24,25,110,104,105,107,108,109\"}',1501666030),(637,'admin','LOGOUT','User','1','',1501666035),(638,'wangzewei','LOGIN','User','30','{\"IP\":\"118.186.200.10\"}',1501666042),(639,'wangzewei','LOGOUT','User','30','',1501668116),(640,'xujiawei','LOGIN','User','27','{\"IP\":\"118.186.200.10\"}',1501668123),(641,'xujiawei','LOGIN','User','27','{\"IP\":\"183.240.196.61\"}',1501686447),(642,'xujiawei','LOGIN','User','27','{\"IP\":\"183.240.196.61\"}',1501686449),(643,'xujiawei','LOGIN','User','27','{\"IP\":\"183.240.196.61\"}',1501770219),(644,'xujiawei','LOGIN','User','27','{\"IP\":\"183.240.196.61\"}',1501770220),(645,'xujiawei','LOGOUT','User','27','',1501818485),(646,'wangzewei','LOGIN','User','30','{\"IP\":\"118.186.200.10\"}',1501818493),(647,'wangzewei','MODIFY','DailyRecord','','{\"activeUsers\":\"1091\",\"addedUsers\":\"409\",\"payUsers\":\"5\",\"payRate\":\"0.37%\",\"payAmount\":\"251.83\",\"arpu\":\"0.23$\",\"arppu\":\"62.96$\",\"ip\":\"118.186.200.10\"}',1501818710),(648,'admin','LOGOUT','User','1','',1501818999),(649,'wangzewei','LOGIN','User','30','{\"IP\":\"118.186.200.10\"}',1501819018),(650,'wangzewei','MODIFY','DailyRecord','','{\"activeUsers\":\"1562\",\"addedUsers\":\"253\",\"payUsers\":\"19\",\"payRate\":\"1.22%\",\"payAmount\":\"1262\",\"arpu\":\"0.81$\",\"arppu\":\"66.42$\",\"ip\":\"118.186.200.10\"}',1501819990),(651,'wangzewei','MODIFY','DailyRecord','','{\"activeUsers\":\"1271\",\"addedUsers\":\"236\",\"payUsers\":\"8\",\"payRate\":\"0.63%\",\"payAmount\":\"976.72\",\"arpu\":\"0.77$\",\"arppu\":\"122.09$\",\"ip\":\"118.186.200.10\"}',1501821020),(652,'wangzewei','LOGOUT','User','30','',1501825403),(653,'admin','LOGIN','User','','\"\\u7528\\u6237\\u540d\\u6216\\u5bc6\\u7801\\u9519\\u8bef\"',1501825409),(654,'admin','LOGIN','User','1','{\"IP\":\"118.186.200.10\"}',1501825412),(655,'admin','ADD','MenuUrl','111','{\"menu_name\":\"\\u4fee\\u6539\\u7559\\u5b58\\u4fe1\\u606f\",\"menu_url\":\"\\/panel\\/player_retained_modify.php\",\"module_id\":\"1\",\"is_show\":\"1\",\"online\":1,\"menu_desc\":\"\\u4fee\\u6539\\u7559\\u5b58\\u4fe1\\u606f\",\"shortcut_allowed\":\"0\",\"father_menu\":\"0\"}',1501825477),(656,'admin','MODIFY','UserGroup','3','{\"group_role\":\"1,5,17,18,22,23,24,25,110,111,104,105,107,108,109\"}',1501825488),(657,'admin','LOGOUT','User','1','',1501825492),(658,'wangzewei','LOGIN','User','30','{\"IP\":\"118.186.200.10\"}',1501825498),(659,'wangzewei','MODIFY','DailyRecord','','{\"playerRetained\":{\"retained1\":\"50.51\",\"retained2\":\"\",\"retained3\":\"\",\"retained4\":\"\",\"retained5\":\"\",\"retained6\":\"\",\"retained7\":\"\"},\"ip\":\"118.186.200.10\"}',1501825532),(660,'admin','LOGIN','User','1','{\"IP\":\"118.186.200.10\"}',1501828948),(661,'wangzewei','LOGOUT','User','30','',1501837697),(662,'xujiawei','LOGIN','User','27','{\"IP\":\"118.186.200.10\"}',1501837701),(663,'wuhuaiyu','LOGIN','User','28','{\"IP\":\"118.186.200.10\"}',1501837715),(664,'xujiawei','LOGIN','User','27','{\"IP\":\"183.240.196.61\"}',1501849462),(665,'xujiawei','LOGIN','User','27','{\"IP\":\"183.240.196.61\"}',1501849463),(666,'xujiawei','LOGIN','User','27','{\"IP\":\"183.240.196.61\"}',1501857098),(667,'xujiawei','LOGIN','User','27','{\"IP\":\"183.240.196.61\"}',1501857550),(668,'xujiawei','LOGIN','User','27','{\"IP\":\"183.240.196.61\"}',1501927977),(669,'xujiawei','LOGIN','User','27','{\"IP\":\"183.240.196.61\"}',1501927979),(670,'xujiawei','LOGIN','User','27','{\"IP\":\"183.240.196.61\"}',1501949513),(671,'xujiawei','LOGIN','User','27','{\"IP\":\"183.240.196.61\"}',1501993944),(672,'xujiawei','LOGIN','User','27','{\"IP\":\"183.240.196.61\"}',1501993945),(673,'xujiawei','LOGIN','User','27','{\"IP\":\"183.240.196.61\"}',1502034715),(674,'xujiawei','LOGIN','User','27','{\"IP\":\"183.240.196.61\"}',1502034782),(675,'admin','LOGIN','User','1','{\"IP\":\"118.186.200.10\"}',1502085195),(676,'xujiawei','LOGIN','User','27','{\"IP\":\"183.240.196.61\"}',1502120053),(677,'xujiawei','LOGIN','User','27','{\"IP\":\"183.240.196.61\"}',1502120055),(678,'admin','LOGIN','User','1','{\"IP\":\"118.186.200.10\"}',1502161091),(679,'admin','LOGIN','User','1','{\"IP\":\"118.186.200.10\"}',1502171477),(680,'wuhuaiyu','LOGIN','User','28','{\"IP\":\"118.186.200.10\"}',1502175817),(681,'xujiawei','LOGOUT','User','27','',1502185354),(682,'xujiawei','LOGIN','User','27','{\"IP\":\"118.186.200.10\"}',1502185361),(683,'xujiawei','LOGOUT','User','27','',1502185368),(684,'wangzewei','LOGIN','User','30','{\"IP\":\"118.186.200.10\"}',1502185374),(685,'wangzewei','LOGOUT','User','30','',1502185415),(686,'xujiawei','LOGIN','User','27','{\"IP\":\"118.186.200.10\"}',1502185418),(687,'xujiawei','LOGIN','User','27','{\"IP\":\"183.240.196.61\"}',1502195948),(688,'xujiawei','LOGIN','User','27','{\"IP\":\"183.240.196.61\"}',1502195951),(689,'xujiawei','LOGIN','User','27','{\"IP\":\"183.240.196.61\"}',1502283336),(690,'xujiawei','LOGIN','User','27','{\"IP\":\"183.240.196.61\"}',1502283337),(691,'admin','LOGIN','User','1','{\"IP\":\"118.186.200.10\"}',1502344879),(692,'wuhuaiyu','LOGIN','User','28','{\"IP\":\"118.186.200.10\"}',1502352553),(693,'wuhuaiyu','LOGIN','User','28','{\"IP\":\"118.186.200.10\"}',1502352571),(694,'xujiawei','LOGIN','User','27','{\"IP\":\"183.240.196.61\"}',1502370609),(695,'xujiawei','LOGIN','User','27','{\"IP\":\"183.240.196.61\"}',1502370611),(696,'admin','LOGIN','User','1','{\"IP\":\"118.186.200.10\"}',1502421984),(697,'wuhuaiyu','LOGIN','User','28','{\"IP\":\"118.186.200.10\"}',1502434434),(698,'wuhuaiyu','LOGIN','User','28','{\"IP\":\"118.186.200.10\"}',1502434437),(699,'admin','LOGIN','User','1','{\"IP\":\"118.186.200.10\"}',1502447990),(700,'admin','LOGIN','User','1','{\"IP\":\"118.186.200.10\"}',1502449527),(701,'xujiawei','LOGIN','User','27','{\"IP\":\"183.240.196.61\"}',1502461886),(702,'xujiawei','LOGIN','User','27','{\"IP\":\"183.240.196.61\"}',1502461895),(703,'xujiawei','LOGIN','User','27','{\"IP\":\"183.240.196.61\"}',1502522810),(704,'xujiawei','LOGIN','User','27','{\"IP\":\"183.240.196.61\"}',1502522812),(705,'xujiawei','LOGIN','User','27','{\"IP\":\"183.240.196.61\"}',1502553332),(706,'xujiawei','LOGIN','User','27','{\"IP\":\"183.240.196.61\"}',1502606665),(707,'xujiawei','LOGIN','User','27','{\"IP\":\"183.240.196.61\"}',1502606667),(708,'xujiawei','LOGIN','User','27','{\"IP\":\"183.240.196.61\"}',1502636533),(709,'admin','LOGIN','User','1','{\"IP\":\"118.186.200.10\"}',1502694375),(710,'  admin ','LOGIN','User','','\"\\u7528\\u6237\\u540d\\u6216\\u5bc6\\u7801\\u9519\\u8bef\"',1502694467),(711,'admin ','LOGIN','User','1','{\"IP\":\"118.186.200.10\"}',1502694474),(712,'admin ','LOGIN','User','1','{\"IP\":\"118.186.200.10\"}',1502694532),(713,'xujiawei','LOGIN','User','27','{\"IP\":\"118.186.200.10\"}',1502707373),(714,'xujiawei','LOGIN','User','27','{\"IP\":\"118.186.200.10\"}',1502707375),(715,'wangzewei','MODIFY','DailyRecord','','{\"activeUsers\":\"1258\",\"addedUsers\":\"325\",\"payUsers\":\"11\",\"payRate\":\"0.87%\",\"payAmount\":\"2481.51\",\"arpu\":\"1.97$\",\"arppu\":\"225.59$\",\"ip\":\"118.186.200.10\"}',1502710722),(716,'wangzewei','MODIFY','DailyRecord','','{\"activeUsers\":\"1235\",\"addedUsers\":\"252\",\"payUsers\":\"11\",\"payRate\":\"0.89%\",\"payAmount\":\"2852.11\",\"arpu\":\"2.31$\",\"arppu\":\"259.28$\",\"ip\":\"118.186.200.10\"}',1502710760),(717,'wangzewei','MODIFY','DailyRecord','','{\"activeUsers\":\"1231\",\"addedUsers\":\"421\",\"payUsers\":\"11\",\"payRate\":\"0.89%\",\"payAmount\":\"1252\",\"arpu\":\"1.02$\",\"arppu\":\"113.82$\",\"ip\":\"118.186.200.10\"}',1502710804),(718,'wangzewei','MODIFY','DailyRecord','','{\"activeUsers\":\"1235\",\"addedUsers\":\"325\",\"payUsers\":\"19\",\"payRate\":\"1.54%\",\"payAmount\":\"5215\",\"arpu\":\"4.22$\",\"arppu\":\"274.47$\",\"ip\":\"118.186.200.10\"}',1502710835),(719,'xujiawei','LOGIN','User','27','{\"IP\":\"183.240.196.61\"}',1502715656),(720,'xujiawei','LOGIN','User','27','{\"IP\":\"183.240.196.61\"}',1502715658),(721,'xujiawei','LOGIN','User','27','{\"IP\":\"118.186.200.10\"}',1502766307),(722,'xujiawei','LOGOUT','User','27','',1502767961),(723,'wangzewei','LOGIN','User','30','{\"IP\":\"118.186.200.10\"}',1502767965),(724,'wangzewei','MODIFY','DailyRecord','','{\"activeUsers\":\"12\",\"addedUsers\":\"12\",\"payUsers\":\"12\",\"payRate\":\"100%\",\"payAmount\":\"11.33\",\"arpu\":\"0.94$\",\"arppu\":\"0.94$\",\"ip\":\"118.186.200.10\"}',1502768000),(725,'wangzewei','LOGOUT','User','30','',1502768061),(726,'xujiawei','LOGIN','User','27','{\"IP\":\"118.186.200.10\"}',1502768066),(727,'admin','LOGIN','User','1','{\"IP\":\"118.186.200.10\"}',1502769496),(728,'wangzewei','LOGIN','User','30','{\"IP\":\"118.186.200.10\"}',1502772989),(729,'admin','LOGOUT','User','1','',1502778086),(730,'dongliang','LOGIN','User','29','{\"IP\":\"118.186.200.10\"}',1502778102),(731,'wangzewei','MODIFY','DailyRecord','','{\"activeUsers\":\"2521\",\"addedUsers\":\"952\",\"payUsers\":\"25\",\"payRate\":\"0.99%\",\"payAmount\":\"4029.12\",\"arpu\":\"1.60$\",\"arppu\":\"161.16$\",\"ip\":\"118.186.200.10\"}',1502779366),(732,'wangzewei','LOGIN','User','30','{\"IP\":\"118.186.200.10\"}',1502779847),(733,'wangzewei','LOGOUT','User','30','',1502780006),(734,'dongliang','LOGIN','User','29','{\"IP\":\"118.186.200.10\"}',1502780014),(735,'wangzewei','LOGOUT','User','30','',1502780117),(736,'admin','LOGIN','User','1','{\"IP\":\"118.186.200.10\"}',1502780121),(737,'admin','LOGOUT','User','1','',1502780160),(738,'wangzewei','LOGIN','User','30','{\"IP\":\"118.186.200.10\"}',1502780169),(739,'wangzewei','LOGIN','User','30','{\"IP\":\"118.186.200.10\"}',1502791732),(740,'wangzewei','MODIFY','DailyRecord','','{\"activeUsers\":\"1691\",\"addedUsers\":\"1351\",\"payUsers\":\"6\",\"payRate\":\"0.35%\",\"payAmount\":\"671.76\",\"arpu\":\"0.40$\",\"arppu\":\"111.96$\",\"ip\":\"118.186.200.10\"}',1502792030),(741,'wangzewei','MODIFY','DailyRecord','','{\"activeUsers\":\"1691\",\"addedUsers\":\"1351\",\"payUsers\":\"6\",\"payRate\":\"0.35%\",\"payAmount\":\"671.76\",\"arpu\":\"0.40$\",\"arppu\":\"111.96$\",\"ip\":\"118.186.200.10\"}',1502792088),(742,'xujiawei','LOGIN','User','27','{\"IP\":\"118.186.200.10\"}',1502792925),(743,'wangzewei','MODIFY','DailyRecord','','{\"activeUsers\":\"2156\",\"addedUsers\":\"1128\",\"payUsers\":\"19854.52\",\"payRate\":\"920.9%\",\"payAmount\":\"854.52\",\"arpu\":\"0.40$\",\"arppu\":\"0.04$\",\"ip\":\"118.186.200.10\"}',1502793095),(744,'wangzewei','MODIFY','DailyRecord','','{\"activeUsers\":\"2156\",\"addedUsers\":\"1128\",\"payUsers\":\"19\",\"payRate\":\"0.88%\",\"payAmount\":\"854.52\",\"arpu\":\"0.40$\",\"arppu\":\"44.97$\",\"ip\":\"118.186.200.10\"}',1502793221),(745,'wangzewei','MODIFY','DailyRecord','','{\"activeUsers\":\"2821\",\"addedUsers\":\"1394\",\"payUsers\":\"18\",\"payRate\":\"0.64%\",\"payAmount\":\"894.49\",\"arpu\":\"0.32$\",\"arppu\":\"49.69$\",\"ip\":\"118.186.200.10\"}',1502793332),(746,'xujiawei','LOGIN','User','27','{\"IP\":\"118.186.200.10\"}',1502793457),(747,'wangzewei','MODIFY','DailyRecord','','{\"activeUsers\":\"3515\",\"addedUsers\":\"1215\",\"payUsers\":\"12\",\"payRate\":\"0.34%\",\"payAmount\":\"651.79\",\"arpu\":\"0.19$\",\"arppu\":\"54.32$\",\"ip\":\"118.186.200.10\"}',1502793743),(748,'wangzewei','MODIFY','DailyRecord','','{\"activeUsers\":\"3925\",\"addedUsers\":\"985\",\"payUsers\":\"15\",\"payRate\":\"0.38%\",\"payAmount\":\"697.09\",\"arpu\":\"0.18$\",\"arppu\":\"46.47$\",\"ip\":\"118.186.200.10\"}',1502793833),(749,'wangzewei','MODIFY','DailyRecord','','{\"activeUsers\":\"4621\",\"addedUsers\":\"1256\",\"payUsers\":\"16\",\"payRate\":\"0.35%\",\"payAmount\":\"836.37\",\"arpu\":\"0.18$\",\"arppu\":\"52.27$\",\"ip\":\"118.186.200.10\"}',1502793908),(750,'wangzewei','MODIFY','DailyRecord','','{\"activeUsers\":\"4961\",\"addedUsers\":\"1361\",\"payUsers\":\"11\",\"payRate\":\"0.22%\",\"payAmount\":\"535.4\",\"arpu\":\"0.11$\",\"arppu\":\"48.67$\",\"ip\":\"118.186.200.10\"}',1502794021),(751,'wangzewei','MODIFY','DailyRecord','','{\"activeUsers\":\"5241\",\"addedUsers\":\"2166\",\"payUsers\":\"17\",\"payRate\":\"0.32%\",\"payAmount\":\"1230.58\",\"arpu\":\"0.23$\",\"arppu\":\"72.39$\",\"ip\":\"118.186.200.10\"}',1502794216),(752,'wangzewei','MODIFY','DailyRecord','','{\"activeUsers\":\"5241\",\"addedUsers\":\"2166\",\"payUsers\":\"17\",\"payRate\":\"0.32%\",\"payAmount\":\"1230.58\",\"arpu\":\"0.23$\",\"arppu\":\"72.39$\",\"ip\":\"118.186.200.10\"}',1502794240),(753,'wangzewei','MODIFY','DailyRecord','','{\"activeUsers\":\"4792\",\"addedUsers\":\"1924\",\"payUsers\":\"21\",\"payRate\":\"0.44%\",\"payAmount\":\"1372.45\",\"arpu\":\"0.29$\",\"arppu\":\"65.35$\",\"ip\":\"118.186.200.10\"}',1502794625),(754,'wangzewei','MODIFY','DailyRecord','','{\"activeUsers\":\"4851\",\"addedUsers\":\"1852\",\"payUsers\":\"13\",\"payRate\":\"0.27%\",\"payAmount\":\"1421.39\",\"arpu\":\"0.29$\",\"arppu\":\"109.34$\",\"ip\":\"118.186.200.10\"}',1502794955),(755,'wangzewei','MODIFY','DailyRecord','','{\"activeUsers\":\"4541\",\"addedUsers\":\"1256\",\"payUsers\":\"9\",\"payRate\":\"0.2%\",\"payAmount\":\"1605.74\",\"arpu\":\"0.35$\",\"arppu\":\"178.42$\",\"ip\":\"118.186.200.10\"}',1502795034),(756,'wangzewei','MODIFY','DailyRecord','','{\"activeUsers\":\"3861\",\"addedUsers\":\"1256\",\"payUsers\":\"9\",\"payRate\":\"0.23%\",\"payAmount\":\"1063.22\",\"arpu\":\"0.28$\",\"arppu\":\"118.14$\",\"ip\":\"118.186.200.10\"}',1502795129),(757,'wangzewei','MODIFY','DailyRecord','','{\"activeUsers\":\"3861\",\"addedUsers\":\"956\",\"payUsers\":\"13\",\"payRate\":\"0.34%\",\"payAmount\":\"1063.22\",\"arpu\":\"0.28$\",\"arppu\":\"81.79$\",\"ip\":\"118.186.200.10\"}',1502795171),(758,'wangzewei','MODIFY','DailyRecord','','{\"activeUsers\":\"3781\",\"addedUsers\":\"723\",\"payUsers\":\"20\",\"payRate\":\"0.53%\",\"payAmount\":\"1034.11\",\"arpu\":\"0.27$\",\"arppu\":\"51.71$\",\"ip\":\"118.186.200.10\"}',1502795230),(759,'wangzewei','MODIFY','DailyRecord','','{\"activeUsers\":\"3961\",\"addedUsers\":\"842\",\"payUsers\":\"10\",\"payRate\":\"0.25%\",\"payAmount\":\"1459.22\",\"arpu\":\"0.37$\",\"arppu\":\"145.92$\",\"ip\":\"118.186.200.10\"}',1502795275),(760,'wangzewei','MODIFY','DailyRecord','','{\"activeUsers\":\"4105\",\"addedUsers\":\"602\",\"payUsers\":\"27\",\"payRate\":\"0.66%\",\"payAmount\":\"1225089\",\"arpu\":\"298.44$\",\"arppu\":\"45,373.67$\",\"ip\":\"118.186.200.10\"}',1502795320),(761,'wangzewei','MODIFY','DailyRecord','','{\"activeUsers\":\"4105\",\"addedUsers\":\"602\",\"payUsers\":\"27\",\"payRate\":\"0.66%\",\"payAmount\":\"1225.89\",\"arpu\":\"0.30$\",\"arppu\":\"45.40$\",\"ip\":\"118.186.200.10\"}',1502795395),(762,'wangzewei','MODIFY','DailyRecord','','{\"activeUsers\":\"4392\",\"addedUsers\":\"982\",\"payUsers\":\"15\",\"payRate\":\"0.34%\",\"payAmount\":\"1331.1\",\"arpu\":\"0.30$\",\"arppu\":\"88.74$\",\"ip\":\"118.186.200.10\"}',1502795428),(763,'wangzewei','MODIFY','DailyRecord','','{\"activeUsers\":\"4392\",\"addedUsers\":\"982\",\"payUsers\":\"15\",\"payRate\":\"0.34%\",\"payAmount\":\"1331.1\",\"arpu\":\"0.30$\",\"arppu\":\"88.74$\",\"ip\":\"118.186.200.10\"}',1502795470),(764,'wangzewei','MODIFY','DailyRecord','','{\"activeUsers\":\"4431\",\"addedUsers\":\"1052\",\"payUsers\":\"19\",\"payRate\":\"0.43%\",\"payAmount\":\"1728.03\",\"arpu\":\"0.39$\",\"arppu\":\"90.95$\",\"ip\":\"118.186.200.10\"}',1502795509),(765,'wangzewei','MODIFY','DailyRecord','','{\"activeUsers\":\"4238\",\"addedUsers\":\"892\",\"payUsers\":\"17\",\"payRate\":\"0.4%\",\"payAmount\":\"1349.46\",\"arpu\":\"0.32$\",\"arppu\":\"79.38$\",\"ip\":\"118.186.200.10\"}',1502795548),(766,'wangzewei','MODIFY','DailyRecord','','{\"activeUsers\":\"3852\",\"addedUsers\":\"352\",\"payUsers\":\"17\",\"payRate\":\"0.44%\",\"payAmount\":\"1071.77\",\"arpu\":\"0.28$\",\"arppu\":\"63.05$\",\"ip\":\"118.186.200.10\"}',1502795590),(767,'wangzewei','MODIFY','DailyRecord','','{\"activeUsers\":\"3752\",\"addedUsers\":\"557\",\"payUsers\":\"14\",\"payRate\":\"0.37%\",\"payAmount\":\"931.45\",\"arpu\":\"0.25$\",\"arppu\":\"66.53$\",\"ip\":\"118.186.200.10\"}',1502795627),(768,'wangzewei','MODIFY','DailyRecord','','{\"activeUsers\":\"3215\",\"addedUsers\":\"481\",\"payUsers\":\"18\",\"payRate\":\"0.56%\",\"payAmount\":\"977.71\",\"arpu\":\"0.30$\",\"arppu\":\"54.32$\",\"ip\":\"118.186.200.10\"}',1502795651),(769,'wangzewei','MODIFY','DailyRecord','','{\"activeUsers\":\"3341\",\"addedUsers\":\"368\",\"payUsers\":\"16\",\"payRate\":\"0.48%\",\"payAmount\":\"1738.69\",\"arpu\":\"0.52$\",\"arppu\":\"108.67$\",\"ip\":\"118.186.200.10\"}',1502795675),(770,'wangzewei','MODIFY','DailyRecord','','{\"activeUsers\":\"3186\",\"addedUsers\":\"246\",\"payUsers\":\"17\",\"payRate\":\"0.53%\",\"payAmount\":\"1372.27\",\"arpu\":\"0.43$\",\"arppu\":\"80.72$\",\"ip\":\"118.186.200.10\"}',1502795703),(771,'wangzewei','MODIFY','DailyRecord','','{\"activeUsers\":\"3085\",\"addedUsers\":\"425\",\"payUsers\":\"18\",\"payRate\":\"0.58%\",\"payAmount\":\"1118.64\",\"arpu\":\"0.36$\",\"arppu\":\"62.15$\",\"ip\":\"118.186.200.10\"}',1502795733),(772,'wangzewei','MODIFY','DailyRecord','','{\"activeUsers\":\"2782\",\"addedUsers\":\"236\",\"payUsers\":\"14\",\"payRate\":\"0.5%\",\"payAmount\":\"829.94\",\"arpu\":\"0.30$\",\"arppu\":\"59.28$\",\"ip\":\"118.186.200.10\"}',1502795759),(773,'wangzewei','MODIFY','DailyRecord','','{\"activeUsers\":\"2684\",\"addedUsers\":\"325\",\"payUsers\":\"16\",\"payRate\":\"0.6%\",\"payAmount\":\"1013.75\",\"arpu\":\"0.38$\",\"arppu\":\"63.36$\",\"ip\":\"118.186.200.10\"}',1502795786),(774,'wangzewei','MODIFY','DailyRecord','','{\"activeUsers\":\"2577\",\"addedUsers\":\"282\",\"payUsers\":\"16\",\"payRate\":\"0.62%\",\"payAmount\":\"1508.95\",\"arpu\":\"0.59$\",\"arppu\":\"94.31$\",\"ip\":\"118.186.200.10\"}',1502795806),(775,'wangzewei','MODIFY','DailyRecord','','{\"activeUsers\":\"2491\",\"addedUsers\":\"382\",\"payUsers\":\"15\",\"payRate\":\"0.6%\",\"payAmount\":\"1217.77\",\"arpu\":\"0.49$\",\"arppu\":\"81.18$\",\"ip\":\"118.186.200.10\"}',1502795826),(776,'wangzewei','MODIFY','DailyRecord','','{\"activeUsers\":\"2491\",\"addedUsers\":\"382\",\"payUsers\":\"15\",\"payRate\":\"0.6%\",\"payAmount\":\"1217.77\",\"arpu\":\"0.49$\",\"arppu\":\"81.18$\",\"ip\":\"118.186.200.10\"}',1502795873),(777,'wangzewei','MODIFY','DailyRecord','','{\"activeUsers\":\"2689\",\"addedUsers\":\"274\",\"payUsers\":\"17\",\"payRate\":\"0.63%\",\"payAmount\":\"1339.42\",\"arpu\":\"0.50$\",\"arppu\":\"78.79$\",\"ip\":\"118.186.200.10\"}',1502795898),(778,'wangzewei','MODIFY','DailyRecord','','{\"activeUsers\":\"2375\",\"addedUsers\":\"295\",\"payUsers\":\"17\",\"payRate\":\"0.72%\",\"payAmount\":\"1435.74\",\"arpu\":\"0.60$\",\"arppu\":\"84.46$\",\"ip\":\"118.186.200.10\"}',1502795920),(779,'wangzewei','MODIFY','DailyRecord','','{\"activeUsers\":\"2295\",\"addedUsers\":\"268\",\"payUsers\":\"13\",\"payRate\":\"0.57%\",\"payAmount\":\"1274.53\",\"arpu\":\"0.56$\",\"arppu\":\"98.04$\",\"ip\":\"118.186.200.10\"}',1502795944),(780,'wangzewei','MODIFY','DailyRecord','','{\"activeUsers\":\"2361\",\"addedUsers\":\"182\",\"payUsers\":\"12\",\"payRate\":\"0.51%\",\"payAmount\":\"1319.74\",\"arpu\":\"0.56$\",\"arppu\":\"109.98$\",\"ip\":\"118.186.200.10\"}',1502795978),(781,'xujiawei','LOGIN','User','27','{\"IP\":\"183.240.196.61\"}',1502810471),(782,'xujiawei','LOGIN','User','27','{\"IP\":\"183.240.196.61\"}',1502810473),(783,'xujiawei','LOGOUT','User','27','',1502861363),(784,'wangzewei','LOGIN','User','30','{\"IP\":\"118.186.200.10\"}',1502861368),(785,'wangzewei','LOGOUT','User','30','',1502862436),(786,'xujiawei','LOGIN','User','27','{\"IP\":\"118.186.200.10\"}',1502862439),(787,'wangzewei','LOGIN','User','30','{\"IP\":\"118.186.200.10\"}',1502862505),(788,'wangzewei','LOGIN','User','30','{\"IP\":\"118.186.200.10\"}',1502862943),(789,'wangzewei','MODIFY','DailyRecord','','{\"activeUsers\":\"176\",\"addedUsers\":\"171\",\"payUsers\":\"1\",\"payRate\":\"0.57%\",\"payAmount\":\"59.97\",\"arpu\":\"0.34$\",\"arppu\":\"59.97$\",\"ip\":\"118.186.200.10\"}',1502863873),(790,'wangzewei','MODIFY','DailyRecord','','{\"activeUsers\":\"0\",\"addedUsers\":\"0\",\"payUsers\":\"0\",\"payRate\":\"0%\",\"payAmount\":\"0\",\"arpu\":\"0.00$\",\"arppu\":\"0.00$\",\"ip\":\"118.186.200.10\"}',1502863930),(791,'wangzewei','MODIFY','DailyRecord','','{\"activeUsers\":\"0\",\"addedUsers\":\"0\",\"payUsers\":\"0\",\"payRate\":\"0%\",\"payAmount\":\"0\",\"arpu\":\"0.00$\",\"arppu\":\"0.00$\",\"ip\":\"118.186.200.10\"}',1502863971),(792,'wangzewei','MODIFY','DailyRecord','','{\"activeUsers\":\"0\",\"addedUsers\":\"0\",\"payUsers\":\"0\",\"payRate\":\"0%\",\"payAmount\":\"0\",\"arpu\":\"0.00$\",\"arppu\":\"0.00$\",\"ip\":\"118.186.200.10\"}',1502863990),(793,'wangzewei','MODIFY','DailyRecord','','{\"activeUsers\":\"153\",\"addedUsers\":\"26\",\"payUsers\":\"1\",\"payRate\":\"0.65%\",\"payAmount\":\"19.99\",\"arpu\":\"0.13$\",\"arppu\":\"19.99$\",\"ip\":\"118.186.200.10\"}',1502864041),(794,'wangzewei','MODIFY','DailyRecord','','{\"activeUsers\":\"164\",\"addedUsers\":\"43\",\"payUsers\":\"4\",\"payRate\":\"2.44%\",\"payAmount\":\"259.36\",\"arpu\":\"1.58$\",\"arppu\":\"64.84$\",\"ip\":\"118.186.200.10\"}',1502864280),(795,'wuhuaiyu','LOGIN','User','28','{\"IP\":\"118.186.200.10\"}',1502864310),(796,'wangzewei','MODIFY','DailyRecord','','{\"activeUsers\":\"176\",\"addedUsers\":\"36\",\"payUsers\":\"2\",\"payRate\":\"1.14%\",\"payAmount\":\"124.62\",\"arpu\":\"0.71$\",\"arppu\":\"62.31$\",\"ip\":\"118.186.200.10\"}',1502864526),(797,'wangzewei','MODIFY','DailyRecord','','{\"activeUsers\":\"176\",\"addedUsers\":\"36\",\"payUsers\":\"2\",\"payRate\":\"1.14%\",\"payAmount\":\"124.62\",\"arpu\":\"0.71$\",\"arppu\":\"62.31$\",\"ip\":\"118.186.200.10\"}',1502864630),(798,'wangzewei','MODIFY','DailyRecord','','{\"activeUsers\":\"173\",\"addedUsers\":\"42\",\"payUsers\":\"6\",\"payRate\":\"3.47%\",\"payAmount\":\"362.11\",\"arpu\":\"2.09$\",\"arppu\":\"60.35$\",\"ip\":\"118.186.200.10\"}',1502864703),(799,'wangzewei','MODIFY','DailyRecord','','{\"activeUsers\":\"184\",\"addedUsers\":\"43\",\"payUsers\":\"2\",\"payRate\":\"1.09%\",\"payAmount\":\"87.23\",\"arpu\":\"0.47$\",\"arppu\":\"43.62$\",\"ip\":\"118.186.200.10\"}',1502865079),(800,'wangzewei','MODIFY','DailyRecord','','{\"activeUsers\":\"192\",\"addedUsers\":\"49\",\"payUsers\":\"2\",\"payRate\":\"1.04%\",\"payAmount\":\"123.51\",\"arpu\":\"0.64$\",\"arppu\":\"61.76$\",\"ip\":\"118.186.200.10\"}',1502865216),(801,'wangzewei','MODIFY','DailyRecord','','{\"activeUsers\":\"184\",\"addedUsers\":\"44\",\"payUsers\":\"1\",\"payRate\":\"0.54%\",\"payAmount\":\"99.99\",\"arpu\":\"0.54$\",\"arppu\":\"99.99$\",\"ip\":\"118.186.200.10\"}',1502865416),(802,'wangzewei','MODIFY','DailyRecord','','{\"activeUsers\":\"144\",\"addedUsers\":\"27\",\"payUsers\":\"5\",\"payRate\":\"3.47%\",\"payAmount\":\"85.36\",\"arpu\":\"0.59$\",\"arppu\":\"17.07$\",\"ip\":\"118.186.200.10\"}',1502865455),(803,'wangzewei','MODIFY','DailyRecord','','{\"activeUsers\":\"192\",\"addedUsers\":\"50\",\"payUsers\":\"4\",\"payRate\":\"2.08%\",\"payAmount\":\"75.19\",\"arpu\":\"0.39$\",\"arppu\":\"18.80$\",\"ip\":\"118.186.200.10\"}',1502865491),(804,'wangzewei','MODIFY','DailyRecord','','{\"activeUsers\":\"192\",\"addedUsers\":\"50\",\"payUsers\":\"4\",\"payRate\":\"2.08%\",\"payAmount\":\"75.19\",\"arpu\":\"0.39$\",\"arppu\":\"18.80$\",\"ip\":\"118.186.200.10\"}',1502865626),(805,'wangzewei','MODIFY','DailyRecord','','{\"activeUsers\":\"183\",\"addedUsers\":\"18\",\"payUsers\":\"7\",\"payRate\":\"3.83%\",\"payAmount\":\"326.24\",\"arpu\":\"1.78$\",\"arppu\":\"46.61$\",\"ip\":\"118.186.200.10\"}',1502865890),(806,'wangzewei','MODIFY','DailyRecord','','{\"activeUsers\":\"239\",\"addedUsers\":\"44\",\"payUsers\":\"3\",\"payRate\":\"1.26%\",\"payAmount\":\"59.97\",\"arpu\":\"0.25$\",\"arppu\":\"19.99$\",\"ip\":\"118.186.200.10\"}',1502865975),(807,'wangzewei','MODIFY','DailyRecord','','{\"activeUsers\":\"246\",\"addedUsers\":\"42\",\"payUsers\":\"11\",\"payRate\":\"4.47%\",\"payAmount\":\"825.62\",\"arpu\":\"3.36$\",\"arppu\":\"75.06$\",\"ip\":\"118.186.200.10\"}',1502867455),(808,'wangzewei','MODIFY','DailyRecord','','{\"activeUsers\":\"257\",\"addedUsers\":\"55\",\"payUsers\":\"18\",\"payRate\":\"7%\",\"payAmount\":\"468.11\",\"arpu\":\"1.82$\",\"arppu\":\"26.01$\",\"ip\":\"118.186.200.10\"}',1502867495),(809,'wangzewei','MODIFY','DailyRecord','','{\"activeUsers\":\"256\",\"addedUsers\":\"50\",\"payUsers\":\"2\",\"payRate\":\"0.78%\",\"payAmount\":\"85.27\",\"arpu\":\"0.33$\",\"arppu\":\"42.64$\",\"ip\":\"118.186.200.10\"}',1502867545),(810,'wangzewei','MODIFY','DailyRecord','','{\"activeUsers\":\"268\",\"addedUsers\":\"45\",\"payUsers\":\"5\",\"payRate\":\"1.87%\",\"payAmount\":\"169.74\",\"arpu\":\"0.63$\",\"arppu\":\"33.95$\",\"ip\":\"118.186.200.10\"}',1502867633),(811,'wangzewei','MODIFY','DailyRecord','','{\"activeUsers\":\"255\",\"addedUsers\":\"48\",\"payUsers\":\"8\",\"payRate\":\"3.14%\",\"payAmount\":\"368.53\",\"arpu\":\"1.45$\",\"arppu\":\"46.07$\",\"ip\":\"118.186.200.10\"}',1502867666),(812,'wangzewei','MODIFY','DailyRecord','','{\"activeUsers\":\"270\",\"addedUsers\":\"46\",\"payUsers\":\"3\",\"payRate\":\"1.11%\",\"payAmount\":\"59.99\",\"arpu\":\"0.22$\",\"arppu\":\"20.00$\",\"ip\":\"118.186.200.10\"}',1502867762),(813,'wangzewei','MODIFY','DailyRecord','','{\"activeUsers\":\"267\",\"addedUsers\":\"56\",\"payUsers\":\"6\",\"payRate\":\"2.25%\",\"payAmount\":\"42.62\",\"arpu\":\"0.16$\",\"arppu\":\"7.10$\",\"ip\":\"118.186.200.10\"}',1502867811),(814,'wangzewei','MODIFY','DailyRecord','','{\"activeUsers\":\"250\",\"addedUsers\":\"49\",\"payUsers\":\"9\",\"payRate\":\"3.6%\",\"payAmount\":\"692.25\",\"arpu\":\"2.77$\",\"arppu\":\"76.92$\",\"ip\":\"118.186.200.10\"}',1502867857),(815,'wangzewei','MODIFY','DailyRecord','','{\"activeUsers\":\"260\",\"addedUsers\":\"63\",\"payUsers\":\"1\",\"payRate\":\"0.38%\",\"payAmount\":\"19.99\",\"arpu\":\"0.08$\",\"arppu\":\"19.99$\",\"ip\":\"118.186.200.10\"}',1502868046),(816,'wangzewei','MODIFY','DailyRecord','','{\"activeUsers\":\"245\",\"addedUsers\":\"64\",\"payUsers\":\"10\",\"payRate\":\"4.08%\",\"payAmount\":\"195.62\",\"arpu\":\"0.80$\",\"arppu\":\"19.56$\",\"ip\":\"118.186.200.10\"}',1502868100),(817,'wangzewei','MODIFY','DailyRecord','','{\"activeUsers\":\"248\",\"addedUsers\":\"54\",\"payUsers\":\"6\",\"payRate\":\"2.42%\",\"payAmount\":\"82.38\",\"arpu\":\"0.33$\",\"arppu\":\"13.73$\",\"ip\":\"118.186.200.10\"}',1502868137),(818,'wangzewei','MODIFY','DailyRecord','','{\"activeUsers\":\"223\",\"addedUsers\":\"49\",\"payUsers\":\"8\",\"payRate\":\"3.59%\",\"payAmount\":\"82.71\",\"arpu\":\"0.37$\",\"arppu\":\"10.34$\",\"ip\":\"118.186.200.10\"}',1502868185),(819,'wangzewei','MODIFY','DailyRecord','','{\"activeUsers\":\"250\",\"addedUsers\":\"76\",\"payUsers\":\"2\",\"payRate\":\"0.8%\",\"payAmount\":\"158.88\",\"arpu\":\"0.64$\",\"arppu\":\"79.44$\",\"ip\":\"118.186.200.10\"}',1502868213),(820,'wangzewei','MODIFY','DailyRecord','','{\"activeUsers\":\"218\",\"addedUsers\":\"57\",\"payUsers\":\"3\",\"payRate\":\"1.38%\",\"payAmount\":\"67.52\",\"arpu\":\"0.31$\",\"arppu\":\"22.51$\",\"ip\":\"118.186.200.10\"}',1502868244),(821,'wangzewei','MODIFY','DailyRecord','','{\"activeUsers\":\"191\",\"addedUsers\":\"50\",\"payUsers\":\"5\",\"payRate\":\"2.62%\",\"payAmount\":\"14.94\",\"arpu\":\"0.08$\",\"arppu\":\"2.99$\",\"ip\":\"118.186.200.10\"}',1502868270),(822,'wangzewei','MODIFY','DailyRecord','','{\"activeUsers\":\"256\",\"addedUsers\":\"50\",\"payUsers\":\"7\",\"payRate\":\"2.73%\",\"payAmount\":\"396.42\",\"arpu\":\"1.55$\",\"arppu\":\"56.63$\",\"ip\":\"118.186.200.10\"}',1502868295),(823,'wangzewei','MODIFY','DailyRecord','','{\"activeUsers\":\"270\",\"addedUsers\":\"46\",\"payUsers\":\"21\",\"payRate\":\"7.78%\",\"payAmount\":\"1317.94\",\"arpu\":\"4.88$\",\"arppu\":\"62.76$\",\"ip\":\"118.186.200.10\"}',1502868325),(824,'wangzewei','LOGOUT','User','30','',1502876326),(825,'dongliang','LOGIN','User','29','{\"IP\":\"118.186.200.10\"}',1502876337),(826,'xujiawei','LOGIN','User','27','{\"IP\":\"183.240.196.61\"}',1502895753),(827,'xujiawei','LOGIN','User','27','{\"IP\":\"183.240.196.61\"}',1502895755),(828,'admin ','LOGIN','User','1','{\"IP\":\"118.186.200.10\"}',1502937530),(829,'xujiawei','LOGIN','User','27','{\"IP\":\"183.240.196.61\"}',1502981875),(830,'xujiawei','LOGIN','User','27','{\"IP\":\"183.240.196.61\"}',1502981877),(831,'admin ','LOGIN','User','1','{\"IP\":\"118.186.200.10\"}',1503037832),(832,'admin ','LOGIN','User','1','{\"IP\":\"118.186.200.10\"}',1503037832),(833,'dongliang','LOGIN','User','29','{\"IP\":\"118.186.200.10\"}',1503043391),(834,'xujiawei','LOGIN','User','27','{\"IP\":\"118.186.200.10\"}',1503043907),(835,'xujiawei','LOGIN','User','27','{\"IP\":\"118.186.200.10\"}',1503043979),(836,'admin','LOGIN','User','1','{\"IP\":\"118.186.200.10\"}',1503052633),(837,'xujiawei','LOGIN','User','27','{\"IP\":\"183.240.196.61\"}',1503063354),(838,'xujiawei','LOGIN','User','27','{\"IP\":\"183.240.196.61\"}',1503063355),(839,'xujiawei','LOGIN','User','27','{\"IP\":\"183.240.196.61\"}',1503108559),(840,'xujiawei','LOGIN','User','27','{\"IP\":\"183.240.196.61\"}',1503108561),(841,'xujiawei','LOGIN','User','27','{\"IP\":\"183.240.196.61\"}',1503207881),(842,'xujiawei','LOGIN','User','27','{\"IP\":\"183.240.196.61\"}',1503207883),(843,'xujiawei','LOGIN','User','27','{\"IP\":\"118.186.200.10\"}',1503283376),(844,'xujiawei','LOGIN','User','27','{\"IP\":\"183.240.196.61\"}',1503321014),(845,'xujiawei','LOGIN','User','27','{\"IP\":\"183.240.196.61\"}',1503321015),(846,'xujiawei','LOGIN','User','27','{\"IP\":\"183.240.196.61\"}',1503413528),(847,'xujiawei','LOGIN','User','27','{\"IP\":\"183.240.196.61\"}',1503413529),(848,'xujiawei','LOGIN','User','27','{\"IP\":\"183.240.196.63\"}',1503494318),(849,'xujiawei','LOGIN','User','27','{\"IP\":\"183.240.196.63\"}',1503494320),(850,'xujiawei','LOGIN','User','27','{\"IP\":\"183.240.196.63\"}',1503500230),(851,'wangzewei','LOGIN','User','30','{\"IP\":\"118.186.200.10\"}',1503554272),(852,'wangzewei','LOGIN','User','30','{\"IP\":\"118.186.200.10\"}',1503554339),(853,'wangzewei','MODIFY','DailyRecord','','{\"activeUsers\":\"2261\",\"addedUsers\":\"208\",\"payUsers\":\"11\",\"payRate\":\"0.49%\",\"payAmount\":\"1107.89\",\"arpu\":\"0.49$\",\"arppu\":\"100.72$\",\"ip\":\"118.186.200.10\"}',1503554455),(854,'wangzewei','MODIFY','DailyRecord','','{\"activeUsers\":\"2291\",\"addedUsers\":\"251\",\"payUsers\":\"12\",\"payRate\":\"0.52%\",\"payAmount\":\"1099.68\",\"arpu\":\"0.48$\",\"arppu\":\"91.64$\",\"ip\":\"118.186.200.10\"}',1503554489),(855,'wangzewei','MODIFY','DailyRecord','','{\"activeUsers\":\"2307\",\"addedUsers\":\"269\",\"payUsers\":\"13\",\"payRate\":\"0.56%\",\"payAmount\":\"1061.22\",\"arpu\":\"0.46$\",\"arppu\":\"81.63$\",\"ip\":\"118.186.200.10\"}',1503554853),(856,'wangzewei','MODIFY','DailyRecord','','{\"activeUsers\":\"2259\",\"addedUsers\":\"247\",\"payUsers\":\"12\",\"payRate\":\"0.53%\",\"payAmount\":\"858.42\",\"arpu\":\"0.38$\",\"arppu\":\"71.54$\",\"ip\":\"118.186.200.10\"}',1503554879),(857,'wangzewei','MODIFY','DailyRecord','','{\"activeUsers\":\"2175\",\"addedUsers\":\"281\",\"payUsers\":\"9\",\"payRate\":\"0.41%\",\"payAmount\":\"630.75\",\"arpu\":\"0.29$\",\"arppu\":\"70.08$\",\"ip\":\"118.186.200.10\"}',1503554915),(858,'wangzewei','MODIFY','DailyRecord','','{\"activeUsers\":\"1901\",\"addedUsers\":\"187\",\"payUsers\":\"10\",\"payRate\":\"0.53%\",\"payAmount\":\"760.40\",\"arpu\":\"0.40$\",\"arppu\":\"76.04$\",\"ip\":\"118.186.200.10\"}',1503554956),(859,'wangzewei','MODIFY','DailyRecord','','{\"activeUsers\":\"1737\",\"addedUsers\":\"167\",\"payUsers\":\"7\",\"payRate\":\"0.4%\",\"payAmount\":\"920.61\",\"arpu\":\"0.53$\",\"arppu\":\"131.52$\",\"ip\":\"118.186.200.10\"}',1503555001),(860,'wangzewei','MODIFY','DailyRecord','','{\"activeUsers\":\"1737\",\"addedUsers\":\"167\",\"payUsers\":\"7\",\"payRate\":\"0.4%\",\"payAmount\":\"830.61\",\"arpu\":\"0.48$\",\"arppu\":\"118.66$\",\"ip\":\"118.186.200.10\"}',1503555054),(861,'wangzewei','MODIFY','DailyRecord','','{\"activeUsers\":\"1737\",\"addedUsers\":\"167\",\"payUsers\":\"8\",\"payRate\":\"0.46%\",\"payAmount\":\"830.61\",\"arpu\":\"0.48$\",\"arppu\":\"103.83$\",\"ip\":\"118.186.200.10\"}',1503555097),(862,'xujiawei','LOGOUT','User','27','',1503561259),(863,'admin','LOGIN','User','','\"\\u7528\\u6237\\u540d\\u6216\\u5bc6\\u7801\\u9519\\u8bef\"',1503561266),(864,'admin','LOGIN','User','','\"\\u7528\\u6237\\u540d\\u6216\\u5bc6\\u7801\\u9519\\u8bef\"',1503561269),(865,'admin','LOGIN','User','1','{\"IP\":\"118.186.200.10\"}',1503561273),(866,'admin','MODIFY','User','1','',1503561324),(867,'admin','ADD','User','31','{\"user_name\":\"yiwan\",\"password\":\"\",\"real_name\":\"\\u4e00\\u73a9\",\"mobile\":\"13800000000\",\"email\":\"yiwan@163.com\",\"user_desc\":\"\\u4e00\\u73a9\",\"user_group\":\"2\"}',1503561405),(868,'admin','LOGOUT','User','1','',1503561409),(869,'yiwan','LOGIN','User','31','{\"IP\":\"118.186.200.10\"}',1503561417),(870,'yiwan','LOGOUT','User','31','',1503561434),(871,'xujiawei','LOGIN','User','27','{\"IP\":\"118.186.200.10\"}',1503561439),(872,'xujiawei','LOGOUT','User','27','',1503561444),(873,'admin','LOGIN','User','1','{\"IP\":\"118.186.200.10\"}',1503561453),(874,'admin','LOGOUT','User','1','',1503561482),(875,'wangzewei','LOGIN','User','','\"\\u7528\\u6237\\u540d\\u6216\\u5bc6\\u7801\\u9519\\u8bef\"',1503561487),(876,'wangzewei','LOGIN','User','30','{\"IP\":\"118.186.200.10\"}',1503561491),(877,'wangzewei','LOGOUT','User','30','',1503561514),(878,'admin','LOGIN','User','1','{\"IP\":\"118.186.200.10\"}',1503561516),(879,'admin','ADD','UserGroup','4','{\"group_name\":\"\\u8054\\u8fd0\",\"group_desc\":\"\\u8054\\u8fd0\\u65b9\\u4f7f\\u7528\\u7684\\u8d26\\u53f7\",\"group_role\":\"1,5,17,18,22,23,24,25\",\"owner_id\":\"1\"}',1503561724),(880,'admin','MODIFY','UserGroup','4','{\"group_name\":\"\\u8054\\u8fd0\\u8d26\\u53f7\\u7ec4\",\"group_desc\":\"\\u8054\\u8fd0\\u8d26\\u53f7\\u7ec4\"}',1503561751),(881,'admin','MODIFY','User','31','{\"real_name\":\"\\u4e00\\u73a9\",\"mobile\":\"13800000000\",\"email\":\"yiwan@163.com\",\"user_desc\":\"\\u4e00\\u73a9\",\"user_group\":\"4\",\"ip\":\"118.186.200.10\"}',1503561786),(882,'admin','MODIFY','UserGroup','4','{\"group_role\":\"1,5,17,18,22,23,24,25,104,105,108\"}',1503561843),(883,'admin','LOGOUT','User','1','',1503561846),(884,'yiwan','LOGIN','User','','\"\\u7528\\u6237\\u540d\\u6216\\u5bc6\\u7801\\u9519\\u8bef\"',1503561856),(885,'yiwan','LOGIN','User','31','{\"IP\":\"118.186.200.10\"}',1503561861),(886,'xujiawei','LOGIN','User','27','{\"IP\":\"183.240.196.63\"}',1503588984),(887,'xujiawei','LOGIN','User','27','{\"IP\":\"183.240.196.63\"}',1503589021),(888,'admin','LOGIN','User','1','{\"IP\":\"183.240.196.63\"}',1503589114),(889,'wuhuaiyu','LOGIN','User','28','{\"IP\":\"118.186.200.10\"}',1503653102),(890,'xujiawei','LOGIN','User','27','{\"IP\":\"61.148.242.198\"}',1503674189),(891,'xujiawei','LOGIN','User','27','{\"IP\":\"112.53.73.253\"}',1503761641),(892,'xujiawei','LOGIN','User','27','{\"IP\":\"112.53.73.253\"}',1503844760),(893,'wangzewei','LOGIN','User','30','{\"IP\":\"118.186.200.10\"}',1503891417),(894,'wangzewei@haiaigame.com','LOGIN','User','','\"\\u7528\\u6237\\u540d\\u6216\\u5bc6\\u7801\\u9519\\u8bef\"',1503891517),(895,'wangzewei','LOGIN','User','30','{\"IP\":\"118.186.200.10\"}',1503891653),(896,'wangzewei','MODIFY','DailyRecord','','{\"activeUsers\":\"1598\",\"addedUsers\":\"119\",\"payUsers\":\"12\",\"payRate\":\"0.75%\",\"payAmount\":\"690.34\",\"arpu\":\"0.43$\",\"arppu\":\"57.53$\",\"ip\":\"118.186.200.10\"}',1503898824),(897,'wangzewei','MODIFY','DailyRecord','','{\"activeUsers\":\"1375\",\"addedUsers\":\"82\",\"payUsers\":\"11\",\"payRate\":\"0.8%\",\"payAmount\":\"481.25\",\"arpu\":\"0.35$\",\"arppu\":\"43.75$\",\"ip\":\"118.186.200.10\"}',1503898867),(898,'wangzewei','MODIFY','DailyRecord','','{\"activeUsers\":\"1261\",\"addedUsers\":\"75\",\"payUsers\":\"7\",\"payRate\":\"0.56%\",\"payAmount\":\"390.91\",\"arpu\":\"0.31$\",\"arppu\":\"55.84$\",\"ip\":\"118.186.200.10\"}',1503898910),(899,'wangzewei','MODIFY','DailyRecord','','{\"activeUsers\":\"1094\",\"addedUsers\":\"51\",\"payUsers\":\"7\",\"payRate\":\"0.64%\",\"payAmount\":\"262.56\",\"arpu\":\"0.24$\",\"arppu\":\"37.51$\",\"ip\":\"118.186.200.10\"}',1503898956),(900,'wangzewei','MODIFY','DailyRecord','','{\"activeUsers\":\"1151\",\"addedUsers\":\"42\",\"payUsers\":\"9\",\"payRate\":\"0.78%\",\"payAmount\":\"345.3\",\"arpu\":\"0.30$\",\"arppu\":\"38.37$\",\"ip\":\"118.186.200.10\"}',1503899008),(901,'wangzewei','MODIFY','DailyRecord','','{\"activeUsers\":\"964\",\"addedUsers\":\"37\",\"payUsers\":\"6\",\"payRate\":\"0.62%\",\"payAmount\":\"279.56\",\"arpu\":\"0.29$\",\"arppu\":\"46.59$\",\"ip\":\"118.186.200.10\"}',1503899039),(902,'wuhuaiyu','LOGIN','User','28','{\"IP\":\"118.186.200.10\"}',1503900753),(903,'wuhuaiyu','LOGIN','User','28','{\"IP\":\"118.186.200.10\"}',1503900754),(904,'wangzewei','LOGIN','User','30','{\"IP\":\"118.186.200.10\"}',1503908635),(905,'wangzewei','MODIFY','DailyRecord','','{\"activeUsers\":\"251\",\"addedUsers\":\"21\",\"payUsers\":\"4\",\"payRate\":\"1.59%\",\"payAmount\":\"480.99\",\"arpu\":\"1.92$\",\"arppu\":\"120.25$\",\"ip\":\"118.186.200.10\"}',1503912245),(906,'wangzewei','MODIFY','DailyRecord','','{\"activeUsers\":\"210\",\"addedUsers\":\"19\",\"payUsers\":\"3\",\"payRate\":\"1.43%\",\"payAmount\":\"552.13\",\"arpu\":\"2.63$\",\"arppu\":\"184.04$\",\"ip\":\"118.186.200.10\"}',1503912278),(907,'wangzewei','MODIFY','DailyRecord','','{\"activeUsers\":\"187\",\"addedUsers\":\"14\",\"payUsers\":\"3\",\"payRate\":\"1.6%\",\"payAmount\":\"403.36\",\"arpu\":\"2.16$\",\"arppu\":\"134.45$\",\"ip\":\"118.186.200.10\"}',1503912309),(908,'wangzewei','MODIFY','DailyRecord','','{\"activeUsers\":\"138\",\"addedUsers\":\"42\",\"payUsers\":\"2\",\"payRate\":\"1.45%\",\"payAmount\":\"368.7\",\"arpu\":\"2.67$\",\"arppu\":\"184.35$\",\"ip\":\"118.186.200.10\"}',1503912340),(909,'wangzewei','MODIFY','DailyRecord','','{\"activeUsers\":\"162\",\"addedUsers\":\"38\",\"payUsers\":\"3\",\"payRate\":\"1.85%\",\"payAmount\":\"194.15\",\"arpu\":\"1.20$\",\"arppu\":\"64.72$\",\"ip\":\"118.186.200.10\"}',1503912368),(910,'wangzewei','MODIFY','DailyRecord','','{\"activeUsers\":\"150\",\"addedUsers\":\"26\",\"payUsers\":\"1\",\"payRate\":\"0.67%\",\"payAmount\":\"99.99\",\"arpu\":\"0.67$\",\"arppu\":\"99.99$\",\"ip\":\"118.186.200.10\"}',1503912392),(911,'wangzewei','MODIFY','DailyRecord','','{\"activeUsers\":\"128\",\"addedUsers\":\"14\",\"payUsers\":\"2\",\"payRate\":\"1.56%\",\"payAmount\":\"184.14\",\"arpu\":\"1.44$\",\"arppu\":\"92.07$\",\"ip\":\"118.186.200.10\"}',1503912417),(912,'wangzewei','MODIFY','DailyRecord','','{\"activeUsers\":\"109\",\"addedUsers\":\"16\",\"payUsers\":\"2\",\"payRate\":\"1.83%\",\"payAmount\":\"161.26\",\"arpu\":\"1.48$\",\"arppu\":\"80.63$\",\"ip\":\"118.186.200.10\"}',1503912444),(913,'wangzewei','MODIFY','DailyRecord','','{\"activeUsers\":\"124\",\"addedUsers\":\"9\",\"payUsers\":\"2\",\"payRate\":\"1.61%\",\"payAmount\":\"148.58\",\"arpu\":\"1.20$\",\"arppu\":\"74.29$\",\"ip\":\"118.186.200.10\"}',1503912466),(914,'wangzewei','MODIFY','DailyRecord','','{\"activeUsers\":\"129\",\"addedUsers\":\"11\",\"payUsers\":\"1\",\"payRate\":\"0.78%\",\"payAmount\":\"99.99\",\"arpu\":\"0.78$\",\"arppu\":\"99.99$\",\"ip\":\"118.186.200.10\"}',1503912485),(915,'wangzewei','MODIFY','DailyRecord','','{\"activeUsers\":\"131\",\"addedUsers\":\"4\",\"payUsers\":\"7\",\"payRate\":\"5.34%\",\"payAmount\":\"191.97\",\"arpu\":\"1.47$\",\"arppu\":\"27.42$\",\"ip\":\"118.186.200.10\"}',1503912511),(916,'wangzewei','MODIFY','DailyRecord','','{\"activeUsers\":\"117\",\"addedUsers\":\"8\",\"payUsers\":\"4\",\"payRate\":\"3.42%\",\"payAmount\":\"119.88\",\"arpu\":\"1.02$\",\"arppu\":\"29.97$\",\"ip\":\"118.186.200.10\"}',1503912534),(917,'wangzewei','MODIFY','DailyRecord','','{\"activeUsers\":\"147\",\"addedUsers\":\"12\",\"payUsers\":\"3\",\"payRate\":\"2.04%\",\"payAmount\":\"299.98\",\"arpu\":\"2.04$\",\"arppu\":\"99.99$\",\"ip\":\"118.186.200.10\"}',1503912618),(918,'xujiawei','LOGIN','User','27','{\"IP\":\"183.240.196.63\"}',1503926538),(919,'xujiawei','LOGIN','User','27','{\"IP\":\"183.240.196.63\"}',1503926539),(920,'xujiawei','LOGIN','User','27','{\"IP\":\"183.240.196.63\"}',1503933021),(921,'xujiawei','LOGIN','User','27','{\"IP\":\"183.240.196.63\"}',1503933055),(922,'admin','LOGIN','User','1','{\"IP\":\"118.186.200.10\"}',1504000259),(923,'xujiawei','LOGIN','User','27','{\"IP\":\"183.240.196.63\"}',1504015361),(924,'xujiawei','LOGIN','User','27','{\"IP\":\"183.240.196.63\"}',1504015365),(925,'wangzewei','LOGIN','User','30','{\"IP\":\"106.120.233.19\"}',1504017000),(926,'wangzewei','LOGIN','User','30','{\"IP\":\"118.186.200.10\"}',1504066882),(927,'wangzewei','MODIFY','DailyRecord','','{\"playerRetained\":{\"retained1\":\"45.54\",\"retained2\":\"42.82\",\"retained3\":\"37.61\",\"retained4\":\"34.18\",\"retained5\":\"30.40\",\"retained6\":\"24.37\",\"retained7\":\"20.12\"},\"ip\":\"118.186.200.10\"}',1504067817),(928,'wangzewei','MODIFY','DailyRecord','','{\"playerRetained\":{\"retained1\":\"44.86\",\"retained2\":\"41.27\",\"retained3\":\"38.13\",\"retained4\":\"36.48\",\"retained5\":\"31.54\",\"retained6\":\"28.53\",\"retained7\":\"23.27\"},\"ip\":\"118.186.200.10\"}',1504067936),(929,'wangzewei','MODIFY','DailyRecord','','{\"playerRetained\":{\"retained1\":\"45.11\",\"retained2\":\"42.71\",\"retained3\":\"39.70\",\"retained4\":\"36.82\",\"retained5\":\"32.89\",\"retained6\":\"29.17\",\"retained7\":\"25.64\"},\"ip\":\"118.186.200.10\"}',1504068037),(930,'wangzewei','MODIFY','DailyRecord','','{\"playerRetained\":{\"retained1\":\"44.4\",\"retained2\":\"\",\"retained3\":\"\",\"retained4\":\"\",\"retained5\":\"\",\"retained6\":\"\",\"retained7\":\"\"},\"ip\":\"118.186.200.10\"}',1504068059),(931,'wangzewei','MODIFY','DailyRecord','','{\"playerRetained\":{\"retained1\":\"44.44\",\"retained2\":\"42.97\",\"retained3\":\"39.15\",\"retained4\":\"36.57\",\"retained5\":\"35.10\",\"retained6\":\"31.44\",\"retained7\":\"26.57\"},\"ip\":\"118.186.200.10\"}',1504068153),(932,'wangzewei','MODIFY','DailyRecord','','{\"playerRetained\":{\"retained1\":\"41.64\",\"retained2\":\"38.67\",\"retained3\":\"36.42\",\"retained4\":\"34.93\",\"retained5\":\"33.02\",\"retained6\":\"30.41\",\"retained7\":\"25.96\"},\"ip\":\"118.186.200.10\"}',1504068313),(933,'wangzewei','MODIFY','DailyRecord','','{\"playerRetained\":{\"retained1\":\"48.97\",\"retained2\":\"\",\"retained3\":\"43.58\",\"retained4\":\"\",\"retained5\":\"\",\"retained6\":\"\",\"retained7\":\"\"},\"ip\":\"118.186.200.10\"}',1504068346),(934,'wangzewei','MODIFY','DailyRecord','','{\"playerRetained\":{\"retained1\":\"48.97\",\"retained2\":\"41.25\",\"retained3\":\"32.58\",\"retained4\":\"26.17\",\"retained5\":\"21.48\",\"retained6\":\"16.24\",\"retained7\":\"12.84\"},\"ip\":\"118.186.200.10\"}',1504068844),(935,'wangzewei','MODIFY','DailyRecord','','{\"playerRetained\":{\"retained1\":\"41.64\",\"retained2\":\"34.59\",\"retained3\":\"26.57\",\"retained4\":\"19.44\",\"retained5\":\"15.98\",\"retained6\":\"12.57\",\"retained7\":\"8.43\"},\"ip\":\"118.186.200.10\"}',1504068977),(936,'wangzewei','MODIFY','DailyRecord','','{\"playerRetained\":{\"retained1\":\"44.44\",\"retained2\":\"38.41\",\"retained3\":\"32.58\",\"retained4\":\"26.47\",\"retained5\":\"19.22\",\"retained6\":\"14.89\",\"retained7\":\"10.75\"},\"ip\":\"118.186.200.10\"}',1504069074),(937,'wangzewei','MODIFY','DailyRecord','','{\"playerRetained\":{\"retained1\":\"45.11\",\"retained2\":\"\",\"retained3\":\"\",\"retained4\":\"\",\"retained5\":\"\",\"retained6\":\"\",\"retained7\":\"\"},\"ip\":\"118.186.200.10\"}',1504069091),(938,'wangzewei','MODIFY','DailyRecord','','{\"playerRetained\":{\"retained1\":\"45.11\",\"retained2\":\"37.57\",\"retained3\":\"32.29\",\"retained4\":\"28.11\",\"retained5\":\"22.88\",\"retained6\":\"18.41\",\"retained7\":\"15.46\"},\"ip\":\"118.186.200.10\"}',1504069168),(939,'wangzewei','MODIFY','DailyRecord','','{\"playerRetained\":{\"retained1\":\"45.11\",\"retained2\":\"39.44\",\"retained3\":\"32.16\",\"retained4\":\"28.10\",\"retained5\":\"21.28\",\"retained6\":\"14.27\",\"retained7\":\"9.56\"},\"ip\":\"118.186.200.10\"}',1504069252),(940,'wangzewei','MODIFY','DailyRecord','','{\"playerRetained\":{\"retained1\":\"44.86\",\"retained2\":\"37.82\",\"retained3\":\"30.01\",\"retained4\":\"26.56\",\"retained5\":\"19.48\",\"retained6\":\"14.41\",\"retained7\":\"8.89\"},\"ip\":\"118.186.200.10\"}',1504069338),(941,'wangzewei','MODIFY','DailyRecord','','{\"playerRetained\":{\"retained1\":\"45.54\",\"retained2\":\"38.55\",\"retained3\":\"32.45\",\"retained4\":\"28.13\",\"retained5\":\"21.05\",\"retained6\":\"15.28\",\"retained7\":\"10.09\"},\"ip\":\"118.186.200.10\"}',1504069414),(942,'wangzewei','MODIFY','DailyRecord','','{\"playerRetained\":{\"retained1\":\"45.00\",\"retained2\":\"\",\"retained3\":\"\",\"retained4\":\"\",\"retained5\":\"\",\"retained6\":\"\",\"retained7\":\"\"},\"ip\":\"118.186.200.10\"}',1504069437),(943,'wangzewei','MODIFY','DailyRecord','','{\"playerRetained\":{\"retained1\":\"45.00\",\"retained2\":\"34.51\",\"retained3\":\"30.69\",\"retained4\":\"23.36\",\"retained5\":\"17.77\",\"retained6\":\"13.51\",\"retained7\":\"9.79\"},\"ip\":\"118.186.200.10\"}',1504069543),(944,'wangzewei','MODIFY','DailyRecord','','{\"playerRetained\":{\"retained1\":\"46.55\",\"retained2\":\"38.74\",\"retained3\":\"35.11\",\"retained4\":\"30.27\",\"retained5\":\"24.69\",\"retained6\":\"16.88\",\"retained7\":\"11.85\"},\"ip\":\"118.186.200.10\"}',1504069782),(945,'wangzewei','MODIFY','DailyRecord','','{\"playerRetained\":{\"retained1\":\"44.14\",\"retained2\":\"35.19\",\"retained3\":\"29.84\",\"retained4\":\"23.10\",\"retained5\":\"17.46\",\"retained6\":\"12.33\",\"retained7\":\"7.85\"},\"ip\":\"118.186.200.10\"}',1504069912),(946,'wangzewei','MODIFY','DailyRecord','','{\"playerRetained\":{\"retained1\":\"46.46\",\"retained2\":\"39.12\",\"retained3\":\"34.85\",\"retained4\":\"29.46\",\"retained5\":\"23.17\",\"retained6\":\"17.64\",\"retained7\":\"10.87\"},\"ip\":\"118.186.200.10\"}',1504069981),(947,'wangzewei','MODIFY','DailyRecord','','{\"playerRetained\":{\"retained1\":\"40.46\",\"retained2\":\"34.58\",\"retained3\":\"27.18\",\"retained4\":\"21.01\",\"retained5\":\"17.17\",\"retained6\":\"13.89\",\"retained7\":\"7.01\"},\"ip\":\"118.186.200.10\"}',1504070059),(948,'wangzewei','MODIFY','DailyRecord','','{\"playerRetained\":{\"retained1\":\"41.51\",\"retained2\":\"34.94\",\"retained3\":\"28.89\",\"retained4\":\"22.24\",\"retained5\":\"18.44\",\"retained6\":\"13.04\",\"retained7\":\"7.37\"},\"ip\":\"118.186.200.10\"}',1504070142),(949,'wangzewei','MODIFY','DailyRecord','','{\"playerRetained\":{\"retained1\":\"45.77\",\"retained2\":\"40.48\",\"retained3\":\"36.14\",\"retained4\":\"29.77\",\"retained5\":\"23.34\",\"retained6\":\"19.71\",\"retained7\":\"12.01\"},\"ip\":\"118.186.200.10\"}',1504070214),(950,'yiwan','LOGIN','User','31','{\"IP\":\"118.186.200.10\"}',1504079536),(951,'yiwan','MODIFY','User','31','',1504080283),(952,'yiwan','LOGOUT','User','31','',1504080290),(953,'yiwan','LOGIN','User','31','{\"IP\":\"118.186.200.10\"}',1504080299),(954,'yiwan','LOGOUT','User','31','',1504080329),(955,'yiwan','LOGIN','User','31','{\"IP\":\"118.186.200.10\"}',1504080343),(956,'yiwan','LOGIN','User','','\"\\u7528\\u6237\\u540d\\u6216\\u5bc6\\u7801\\u9519\\u8bef\"',1504080434),(957,'yiwan','LOGIN','User','31','{\"IP\":\"118.186.200.10\"}',1504080443),(958,'yiwan','LOGOUT','User','31','',1504084776),(959,'xujiawei','LOGIN','User','','\"\\u7528\\u6237\\u540d\\u6216\\u5bc6\\u7801\\u9519\\u8bef\"',1504084779),(960,'xujiawei','LOGIN','User','27','{\"IP\":\"118.186.200.10\"}',1504084787),(961,'wangzewei','LOGIN','User','30','{\"IP\":\"118.186.200.10\"}',1504088155),(962,'xujiawei','LOGIN','User','27','{\"IP\":\"183.240.196.63\"}',1504097740),(963,'xujiawei','LOGIN','User','27','{\"IP\":\"183.240.196.63\"}',1504097742),(964,'wangzewei','LOGIN','User','30','{\"IP\":\"118.186.200.10\"}',1504146945),(965,'xujiawei','LOGOUT','User','27','',1504148713),(966,'admin','LOGIN','User','','\"\\u7528\\u6237\\u540d\\u6216\\u5bc6\\u7801\\u9519\\u8bef\"',1504148720),(967,'admin','LOGIN','User','','\"\\u7528\\u6237\\u540d\\u6216\\u5bc6\\u7801\\u9519\\u8bef\"',1504148725),(968,'admin','LOGIN','User','','\"\\u7528\\u6237\\u540d\\u6216\\u5bc6\\u7801\\u9519\\u8bef\"',1504148737),(969,'admin','LOGIN','User','','\"\\u7528\\u6237\\u540d\\u6216\\u5bc6\\u7801\\u9519\\u8bef\"',1504148739),(970,'admin','LOGIN','User','','\"\\u7528\\u6237\\u540d\\u6216\\u5bc6\\u7801\\u9519\\u8bef\"',1504148758),(971,'admin','LOGIN','User','','\"\\u7528\\u6237\\u540d\\u6216\\u5bc6\\u7801\\u9519\\u8bef\"',1504148762),(972,'admin','LOGIN','User','','\"\\u7528\\u6237\\u540d\\u6216\\u5bc6\\u7801\\u9519\\u8bef\"',1504148764),(973,'admin','LOGIN','User','','\"\\u7528\\u6237\\u540d\\u6216\\u5bc6\\u7801\\u9519\\u8bef\"',1504148775),(974,'admin','LOGIN','User','1','{\"IP\":\"118.186.200.10\"}',1504148785),(975,'admin','ADD','UserGroup','5','{\"group_name\":\"\\u666e\\u901a\\u8d26\\u53f7\\u7ec4\",\"group_desc\":\"\\u666e\\u901a\\u8d26\\u53f7\\u7ec4\",\"group_role\":\"1,5,17,18,22,23,24,25\",\"owner_id\":\"1\"}',1504148836),(976,'admin','ADD','User','32','{\"user_name\":\"user1\",\"password\":\"\",\"real_name\":\"\\u7528\\u62371\",\"mobile\":\"13800000000\",\"email\":\"user1@163.com\",\"user_desc\":\"\\u7528\\u62371\",\"user_group\":\"5\"}',1504148895),(977,'admin','MODIFY','UserGroup','5','{\"group_role\":\"1,5,17,18,22,23,104\"}',1504148940),(978,'admin','LOGOUT','User','1','',1504148945),(979,'user1','LOGIN','User','32','{\"IP\":\"118.186.200.10\"}',1504148953),(980,'yiwan','LOGIN','User','31','{\"IP\":\"118.186.200.10\"}',1504149237),(981,'user1','LOGIN','User','32','{\"IP\":\"118.186.200.10\"}',1504150243),(982,'user1','LOGOUT','User','32','',1504151037),(983,'admin','LOGIN','User','1','{\"IP\":\"118.186.200.10\"}',1504151040),(984,'admin','LOGOUT','User','1','',1504151044),(985,'xujiawei','LOGIN','User','27','{\"IP\":\"118.186.200.10\"}',1504151048),(986,'xujiawei','LOGOUT','User','27','',1504160204),(987,'admin','LOGIN','User','1','{\"IP\":\"118.186.200.10\"}',1504160212),(988,'admin','ADD','User','33','{\"user_name\":\"HaiGame01\",\"password\":\"\",\"real_name\":\"\\u738b\\u6cfd\\u7ef4\",\"mobile\":\"13800000000\",\"email\":\"wangzewei@163.com\",\"user_desc\":\"\\u738b\\u6cfd\\u7ef4\",\"user_group\":\"5\"}',1504160303),(989,'admin','ADD','User','34','{\"user_name\":\"HaiGame02\",\"password\":\"\",\"real_name\":\"\\u8d3e\\u9759\",\"mobile\":\"13800000000\",\"email\":\"jiajing@163.com\",\"user_desc\":\"\\u8d3e\\u9759\",\"user_group\":\"5\"}',1504160362),(990,'admin','LOGOUT','User','1','',1504160366),(991,'HaiGame01','LOGIN','User','33','{\"IP\":\"118.186.200.10\"}',1504160379),(992,'HaiGame01','LOGOUT','User','33','',1504160386),(993,'HaiGame02','LOGIN','User','34','{\"IP\":\"118.186.200.10\"}',1504160401),(994,'HaiGame02','LOGOUT','User','34','',1504160769),(995,'xujiawei','LOGIN','User','27','{\"IP\":\"118.186.200.10\"}',1504160774),(996,'xujiawei','LOGOUT','User','27','',1504162220),(997,'HaiGame01','LOGIN','User','33','{\"IP\":\"118.186.200.10\"}',1504162242),(998,'wuhuaiyu','LOGIN','User','28','{\"IP\":\"118.186.200.10\"}',1504167644),(999,'HaiGame01','LOGIN','User','','\"\\u7528\\u6237\\u540d\\u6216\\u5bc6\\u7801\\u9519\\u8bef\"',1504173455),(1000,'HaiGame01','LOGIN','User','33','{\"IP\":\"118.186.200.10\"}',1504173464),(1001,'HaiGame02','LOGIN','User','34','{\"IP\":\"124.65.157.74\"}',1504177635),(1002,'xujiawei','LOGIN','User','27','{\"IP\":\"61.148.244.224\"}',1504180885),(1003,'HaiGame01','LOGOUT','User','33','',1504183737),(1004,'admin','LOGIN','User','1','{\"IP\":\"183.240.196.63\"}',1504183747),(1005,'admin','MODIFY','UserGroup','5','{\"group_role\":\"1,5,23,104\"}',1504183832),(1006,'admin','LOGOUT','User','1','',1504183840),(1007,'HaiGame01','LOGIN','User','','\"\\u7528\\u6237\\u540d\\u6216\\u5bc6\\u7801\\u9519\\u8bef\"',1504183850),(1008,'HaiGame01','LOGIN','User','33','{\"IP\":\"183.240.196.63\"}',1504183860),(1009,'HaiGame01','MODIFY','User','33','{\"real_name\":\"\\u738b\\u6cfd\\u7ef4\",\"mobile\":\"13800000000\",\"email\":\"wangzewei@163.com\",\"user_desc\":\"\\u738b\\u6cfd\\u7ef4\",\"show_quicknote\":\"0\"}',1504183890),(1010,'HaiGame01','MODIFY','User','33','{\"real_name\":\"\\u738b\\u6cfd\\u7ef4\",\"mobile\":\"13800000000\",\"email\":\"wangzewei@163.com\",\"user_desc\":\"\\u738b\\u6cfd\\u7ef4\",\"show_quicknote\":\"0\"}',1504184350),(1011,'HaiGame01','MODIFY','User','33','{\"real_name\":\"\\u738b\\u6cfd\\u7ef4\",\"mobile\":\"13800000000\",\"email\":\"wangzewei@163.com\",\"user_desc\":\"\\u738b\\u6cfd\\u7ef4\",\"show_quicknote\":\"0\"}',1504184652),(1012,'HaiGame01','MODIFY','User','33','{\"real_name\":\"\\u738b\\u6cfd\\u7ef4\",\"mobile\":\"13800000000\",\"email\":\"wangzewei@163.com\",\"user_desc\":\"\\u738b\\u6cfd\\u7ef4\",\"show_quicknote\":\"0\"}',1504185119),(1013,'HaiGame01','LOGOUT','User','33','',1504185134),(1014,'HaiGame02','LOGIN','User','34','{\"IP\":\"183.240.196.63\"}',1504185150),(1015,'HaiGame02','MODIFY','User','34','{\"real_name\":\"\\u8d3e\\u9759\",\"mobile\":\"13800000000\",\"email\":\"jiajing@163.com\",\"user_desc\":\"\\u8d3e\\u9759\",\"show_quicknote\":\"0\"}',1504185158),(1016,'HaiGame02','LOGOUT','User','34','',1504185182),(1017,'HaiGame01','LOGIN','User','33','{\"IP\":\"183.240.196.63\"}',1504185191),(1018,'HaiGame01','LOGIN','User','33','{\"IP\":\"183.240.196.63\"}',1504185193),(1019,'HaiGame01','LOGOUT','User','33','',1504185529),(1020,'HaiGame01','LOGIN','User','33','{\"IP\":\"183.240.196.63\"}',1504185538),(1021,'xujiawei','LOGIN','User','27','{\"IP\":\"183.240.196.63\"}',1504187754),(1022,'xujiawei','LOGIN','User','27','{\"IP\":\"183.240.196.63\"}',1504187756),(1023,'xujiawei','LOGOUT','User','27','',1504195086),(1024,'xujiawei','LOGIN','User','27','{\"IP\":\"183.240.196.63\"}',1504195103),(1025,'HaiGame01','LOGIN','User','33','{\"IP\":\"183.240.196.63\"}',1504195299),(1026,'HaiGame01','LOGIN','User','33','{\"IP\":\"118.186.200.10\"}',1504233898),(1027,'HaiGame01','LOGOUT','User','33','',1504234973),(1028,'xujiawei','LOGIN','User','27','{\"IP\":\"118.186.200.10\"}',1504234977),(1029,'xujiawei','LOGOUT','User','27','',1504235537),(1030,'HaiGame01','LOGIN','User','33','{\"IP\":\"118.186.200.10\"}',1504235548),(1031,'HaiGame01','MODIFY','User','33','{\"real_name\":\"\\u738b\\u6cfd\\u7ef4\",\"mobile\":\"13800000000\",\"email\":\"wangzewei@163.com\",\"user_desc\":\"\\u738b\\u6cfd\\u7ef4\",\"show_quicknote\":\"0\"}',1504241020),(1032,'HaiGame01','MODIFY','User','33','{\"real_name\":\"\\u738b\\u6cfd\\u7ef4\",\"mobile\":\"13800000000\",\"email\":\"wangzewei@163.com\",\"user_desc\":\"\\u738b\\u6cfd\\u7ef4\",\"show_quicknote\":\"0\"}',1504241037),(1033,'HaiGame01','LOGOUT','User','33','',1504241842),(1034,'HaiGame02','LOGIN','User','34','{\"IP\":\"118.186.200.10\"}',1504241853),(1035,'wuhuaiyu','LOGIN','User','28','{\"IP\":\"118.186.200.10\"}',1504251821),(1036,'xujiawei','LOGIN','User','27','{\"IP\":\"183.240.196.63\"}',1504276204),(1037,'xujiawei','LOGIN','User','27','{\"IP\":\"183.240.196.63\"}',1504276209),(1038,'xujiawei','LOGIN','User','27','{\"IP\":\"183.240.196.63\"}',1504279736),(1039,'xujiawei','LOGIN','User','27','{\"IP\":\"183.240.196.63\"}',1504279738),(1040,'xujiawei','LOGIN','User','27','{\"IP\":\"36.102.208.111\"}',1504366081),(1041,'xujiawei','LOGIN','User','27','{\"IP\":\"36.102.208.111\"}',1504366111),(1042,'xujiawei','LOGIN','User','27','{\"IP\":\"183.240.196.63\"}',1504367675),(1043,'xujiawei','LOGIN','User','27','{\"IP\":\"183.240.196.63\"}',1504410075),(1044,'xujiawei','LOGIN','User','27','{\"IP\":\"183.240.196.63\"}',1504410076),(1045,'xujiawei','LOGIN','User','27','{\"IP\":\"183.240.196.63\"}',1504444560),(1046,'xujiawei','LOGIN','User','27','{\"IP\":\"183.240.196.63\"}',1504444569),(1047,'xujiawei','LOGIN','User','27','{\"IP\":\"183.240.196.63\"}',1504452991),(1048,'HaiGame02','LOGOUT','User','34','',1504492399),(1049,'xujiawei','LOGIN','User','27','{\"IP\":\"118.186.200.10\"}',1504492403),(1050,'HaiGame01','LOGIN','User','33','{\"IP\":\"118.186.200.10\"}',1504506041),(1051,'HaiGame01','LOGIN','User','33','{\"IP\":\"118.186.200.10\"}',1504506046),(1052,'HaiGame01','LOGIN','User','33','{\"IP\":\"118.186.200.10\"}',1504506049),(1053,'HaiGame01','LOGIN','User','33','{\"IP\":\"118.186.200.10\"}',1504506053),(1054,'HaiGame01','LOGIN','User','33','{\"IP\":\"118.186.200.10\"}',1504506062),(1055,'xujiawei','LOGIN','User','27','{\"IP\":\"183.240.196.63\"}',1504536393),(1056,'xujiawei','LOGIN','User','27','{\"IP\":\"183.240.196.63\"}',1504536441),(1057,'wuhuaiyu','LOGIN','User','28','{\"IP\":\"118.186.200.10\"}',1504581161),(1058,'wuhuaiyu','LOGIN','User','28','{\"IP\":\"118.186.200.10\"}',1504581165),(1059,'xujiawei','LOGIN','User','27','{\"IP\":\"183.240.196.63\"}',1504620585),(1060,'xujiawei','LOGIN','User','27','{\"IP\":\"183.240.196.62\"}',1504713543),(1061,'haigame02','LOGIN','User','34','{\"IP\":\"118.186.200.10\"}',1504755055),(1062,'haigame02','LOGIN','User','34','{\"IP\":\"118.186.200.10\"}',1504770843),(1063,'haigame02','LOGIN','User','34','{\"IP\":\"118.186.200.10\"}',1504770868),(1064,'xujiawei','LOGIN','User','27','{\"IP\":\"183.240.196.62\"}',1504796917),(1065,'xujiawei','LOGIN','User','27','{\"IP\":\"183.240.196.62\"}',1504885400),(1066,'xujiawei','LOGIN','User','27','{\"IP\":\"183.240.196.62\"}',1505050302),(1067,'xujiawei','LOGIN','User','27','{\"IP\":\"183.240.196.62\"}',1505141891),(1068,'xujiawei','LOGOUT','User','27','',1505206834),(1069,'HaiGame01 ','LOGIN','User','33','{\"IP\":\"118.186.200.10\"}',1505206851),(1070,'HaiGame01','LOGOUT','User','33','',1505207127),(1071,'xujiawei','LOGIN','User','27','{\"IP\":\"118.186.200.10\"}',1505207158),(1072,'wangzewei','LOGIN','User','30','{\"IP\":\"118.186.200.10\"}',1505207898),(1073,'wangzewei','MODIFY','User','30','{\"real_name\":\"\\u738b\\u6cfd\\u7ef4\",\"mobile\":\"13800000000\",\"email\":\"wangzewei@haiaigame.com\",\"user_desc\":\"\\u738b\\u6cfd\\u7ef4\",\"show_quicknote\":\"0\"}',1505207972),(1074,'xujiawei','MODIFY','User','27','{\"real_name\":\"\\u5f90\\u5bb6\\u4f1f\",\"mobile\":\"15313162812\",\"email\":\"xujiawei@haiaigame.com\",\"user_desc\":\"\",\"show_quicknote\":\"1\"}',1505211226),(1075,'xujiawei','LOGOUT','User','27','',1505211240),(1076,'HaiGame01','LOGIN','User','','\"\\u7528\\u6237\\u540d\\u6216\\u5bc6\\u7801\\u9519\\u8bef\"',1505211246),(1077,'HaiGame01','LOGIN','User','33','{\"IP\":\"118.186.200.10\"}',1505211252),(1078,'HaiGame01','MODIFY','User','33','{\"real_name\":\"\\u738b\\u6cfd\\u7ef4\",\"mobile\":\"13800000000\",\"email\":\"wangzewei@163.com\",\"user_desc\":\"\\u738b\\u6cfd\\u7ef4\",\"show_quicknote\":\"1\"}',1505211269),(1079,'HaiGame01','MODIFY','User','33','{\"real_name\":\"\\u738b\\u6cfd\\u7ef4\",\"mobile\":\"13800000000\",\"email\":\"wangzewei@163.com\",\"user_desc\":\"\\u738b\\u6cfd\\u7ef4\",\"show_quicknote\":\"0\"}',1505211309),(1080,'HaiGame01','LOGOUT','User','33','',1505211888),(1081,'xujiawei','LOGIN','User','27','{\"IP\":\"118.186.200.10\"}',1505211891),(1082,'xujiawei','LOGIN','User','27','{\"IP\":\"183.240.196.62\"}',1505228816),(1083,'wangzewei','LOGIN','User','30','{\"IP\":\"123.116.68.162\"}',1505269291),(1084,'xujiawei','LOGIN','User','27','{\"IP\":\"118.186.200.10\"}',1505269947),(1085,'xujiawei','LOGOUT','User','27','',1505286046),(1086,'xujiawei','LOGIN','User','27','{\"IP\":\"118.186.200.10\"}',1505289816),(1087,'xujiawei','LOGIN','User','27','{\"IP\":\"183.240.196.62\"}',1505315143),(1088,'xujiawei','LOGIN','User','27','{\"IP\":\"183.240.196.62\"}',1505315164),(1089,'xujiawei','LOGIN','User','27','{\"IP\":\"118.186.200.10\"}',1505366927),(1090,'xujiawei','LOGIN','User','27','{\"IP\":\"183.240.196.62\"}',1505396232),(1091,'xujiawei','LOGIN','User','27','{\"IP\":\"183.240.196.62\"}',1505396244),(1092,'xujiawei','LOGOUT','User','27','',1505444120),(1093,'HaiGame01','LOGIN','User','33','{\"IP\":\"118.186.200.10\"}',1505444130),(1094,'HaiGame01','LOGIN','User','33','{\"IP\":\"118.186.200.10\"}',1505444147),(1095,'HaiGame01','LOGOUT','User','33','',1505444182),(1096,'xujiawei','LOGIN','User','27','{\"IP\":\"118.186.200.10\"}',1505444186),(1097,'haigame01','LOGIN','User','','\"\\u7528\\u6237\\u540d\\u6216\\u5bc6\\u7801\\u9519\\u8bef\"',1505444383),(1098,'haigame01','LOGIN','User','33','{\"IP\":\"123.125.90.51\"}',1505446180),(1099,'xujiawei','LOGIN','User','27','{\"IP\":\"183.240.196.62\"}',1505483201),(1100,'xujiawei','LOGIN','User','27','{\"IP\":\"183.240.196.62\"}',1505483240),(1101,'xujiawei','LOGIN','User','27','{\"IP\":\"183.240.196.62\"}',1505489543),(1102,'xujiawei','LOGIN','User','27','{\"IP\":\"183.240.196.62\"}',1505562625),(1103,'xujiawei','LOGIN','User','27','{\"IP\":\"183.240.196.62\"}',1505562633),(1104,'xujiawei','LOGIN','User','27','{\"IP\":\"183.240.196.62\"}',1505562643),(1105,'xujiawei','LOGIN','User','27','{\"IP\":\"183.240.196.62\"}',1505562757),(1106,'xujiawei','LOGIN','User','27','{\"IP\":\"183.240.196.62\"}',1505562760),(1107,'xujiawei','LOGIN','User','27','{\"IP\":\"183.240.196.62\"}',1505563016),(1108,'xujiawei','LOGIN','User','27','{\"IP\":\"183.240.196.62\"}',1505630561),(1109,'xujiawei','LOGIN','User','27','{\"IP\":\"183.240.196.62\"}',1505664666),(1110,'wuhuaiyu','LOGIN','User','28','{\"IP\":\"118.186.200.10\"}',1505721007),(1111,'wuhuaiyu','LOGIN','User','28','{\"IP\":\"118.186.200.10\"}',1505721011),(1112,'wuhuaiyu','LOGIN','User','28','{\"IP\":\"118.186.200.10\"}',1506062767),(1113,'xujiawei','LOGIN','User','27','{\"IP\":\"112.53.73.253\"}',1506094563),(1114,'xujiawei','LOGIN','User','27','{\"IP\":\"183.240.196.61\"}',1506235350),(1115,'wangzewei','LOGIN','User','30','{\"IP\":\"118.186.200.10\"}',1506311476),(1116,'wangzewei','LOGIN','User','30','{\"IP\":\"118.186.200.10\"}',1506311477),(1117,'wangzewei','LOGIN','User','30','{\"IP\":\"118.186.200.10\"}',1506311480),(1118,'wangzewei','LOGIN','User','30','{\"IP\":\"118.186.200.10\"}',1506311482),(1119,'wangzewei','LOGIN','User','30','{\"IP\":\"118.186.200.10\"}',1506311485),(1120,'wangzewei','LOGIN','User','30','{\"IP\":\"118.186.200.10\"}',1506311489),(1121,'wangzewei','LOGIN','User','30','{\"IP\":\"118.186.200.10\"}',1506311492),(1122,'xujiawei','LOGIN','User','27','{\"IP\":\"183.240.196.61\"}',1506960701),(1123,'xujiawei','LOGIN','User','27','{\"IP\":\"183.240.196.61\"}',1506960717),(1124,'xujiawei','LOGIN','User','27','{\"IP\":\"183.240.196.61\"}',1506960786),(1125,'xujiawei','LOGIN','User','27','{\"IP\":\"183.240.196.61\"}',1507132114),(1126,'xujiawei','LOGIN','User','27','{\"IP\":\"183.240.196.61\"}',1507479877),(1127,'haigame02','LOGIN','User','34','{\"IP\":\"118.186.200.10\"}',1507519142),(1128,'wuhuaiyu','LOGIN','User','28','{\"IP\":\"118.186.200.10\"}',1507618229),(1129,'wuhuaiyu','LOGIN','User','28','{\"IP\":\"118.186.200.10\"}',1507618231),(1130,'haigame02','LOGIN','User','34','{\"IP\":\"118.186.200.10\"}',1507620095),(1131,'xujiawei','LOGIN','User','27','{\"IP\":\"118.186.200.10\"}',1507775896),(1132,'xujiawei','LOGIN','User','27','{\"IP\":\"183.240.196.60\"}',1507910523),(1133,'wuhuaiyu','LOGIN','User','28','{\"IP\":\"118.186.200.10\"}',1508402386),(1134,'wuhuaiyu','LOGIN','User','28','{\"IP\":\"118.186.200.10\"}',1508487435),(1135,'xujiawei','LOGIN','User','27','{\"IP\":\"118.186.200.10\"}',1508727632),(1136,'xujiawei','LOGIN','User','27','{\"IP\":\"118.186.200.10\"}',1508727709),(1137,'xujiawei','LOGIN','User','27','{\"IP\":\"118.186.200.10\"}',1508751564),(1138,'xujiawei','LOGIN','User','27','{\"IP\":\"118.186.200.10\"}',1508824320),(1139,'xujiawei','LOGIN','User','27','{\"IP\":\"118.186.200.10\"}',1508831830),(1140,'xujiawei','LOGIN','User','27','{\"IP\":\"118.186.200.10\"}',1508831832),(1141,'xujiawei','LOGIN','User','27','{\"IP\":\"118.186.200.10\"}',1508831834),(1142,'xujiawei','LOGIN','User','27','{\"IP\":\"118.186.200.10\"}',1508909156),(1143,'xujiawei','LOGIN','User','27','{\"IP\":\"119.81.247.109\"}',1508985878),(1144,'xujiawei','LOGIN','User','27','{\"IP\":\"119.81.247.109\"}',1509082806),(1145,'xujiawei','LOGIN','User','27','{\"IP\":\"119.81.247.109\"}',1509087749),(1146,'wuhuaiyu','LOGIN','User','28','{\"IP\":\"118.186.200.10\"}',1509093664),(1147,'wuhuaiyu','LOGIN','User','28','{\"IP\":\"118.186.200.10\"}',1509348224),(1148,'xujiawei','LOGIN','User','27','{\"IP\":\"119.81.247.109\"}',1509356425),(1149,'xujiawei','LOGIN','User','27','{\"IP\":\"119.81.247.109\"}',1509420633),(1150,'wangzewei','LOGIN','User','30','{\"IP\":\"123.116.90.10\"}',1509548389),(1151,'xujiawei','LOGIN','User','27','{\"IP\":\"119.81.247.109\"}',1509603360),(1152,'xujiawei','LOGIN','User','27','{\"IP\":\"118.186.200.10\"}',1509614166),(1153,'haigame02','LOGIN','User','34','{\"IP\":\"118.186.200.10\"}',1509683892),(1154,'HaiGame02','LOGIN','User','34','{\"IP\":\"183.61.71.112\"}',1509691592),(1155,'xujiawei','LOGIN','User','27','{\"IP\":\"119.81.237.3\"}',1509698252),(1156,'haigame02','LOGIN','User','34','{\"IP\":\"118.186.200.10\"}',1510030029),(1157,'wangzewei','LOGIN','User','30','{\"IP\":\"118.186.200.10\"}',1510292301),(1158,'wangzewei','LOGIN','User','30','{\"IP\":\"118.186.200.10\"}',1510292317),(1159,'xujiawei','LOGOUT','User','27','',1510554331),(1160,'admin','LOGIN','User','','\"\\u7528\\u6237\\u540d\\u6216\\u5bc6\\u7801\\u9519\\u8bef\"',1510554337),(1161,'admin','LOGIN','User','','\"\\u7528\\u6237\\u540d\\u6216\\u5bc6\\u7801\\u9519\\u8bef\"',1510554341),(1162,'admin','LOGIN','User','','\"\\u7528\\u6237\\u540d\\u6216\\u5bc6\\u7801\\u9519\\u8bef\"',1510554346),(1163,'admin','LOGIN','User','','\"\\u7528\\u6237\\u540d\\u6216\\u5bc6\\u7801\\u9519\\u8bef\"',1510554356),(1164,'admin','LOGIN','User','','\"\\u7528\\u6237\\u540d\\u6216\\u5bc6\\u7801\\u9519\\u8bef\"',1510554362),(1165,'admin','LOGIN','User','','\"\\u7528\\u6237\\u540d\\u6216\\u5bc6\\u7801\\u9519\\u8bef\"',1510554364),(1166,'jianggang','LOGIN','User','','\"\\u7528\\u6237\\u540d\\u6216\\u5bc6\\u7801\\u9519\\u8bef\"',1510554372),(1167,'admin','LOGIN','User','','\"\\u7528\\u6237\\u540d\\u6216\\u5bc6\\u7801\\u9519\\u8bef\"',1510554413),(1168,'admin','LOGIN','User','','\"\\u7528\\u6237\\u540d\\u6216\\u5bc6\\u7801\\u9519\\u8bef\"',1510554441),(1169,'admin','LOGIN','User','','\"\\u7528\\u6237\\u540d\\u6216\\u5bc6\\u7801\\u9519\\u8bef\"',1510554447),(1170,'demo','LOGIN','User','26','{\"IP\":\"119.81.247.109\"}',1510554735),(1171,'demo','LOGOUT','User','26','',1510554738),(1172,'demo','LOGIN','User','26','{\"IP\":\"119.81.247.109\"}',1510554754),(1173,'demo','LOGOUT','User','26','',1510554799),(1174,'admin','LOGIN','User','','\"\\u7528\\u6237\\u540d\\u6216\\u5bc6\\u7801\\u9519\\u8bef\"',1510554804),(1175,'admin','LOGIN','User','','\"\\u7528\\u6237\\u540d\\u6216\\u5bc6\\u7801\\u9519\\u8bef\"',1510554807),(1176,'admin','LOGIN','User','','\"\\u7528\\u6237\\u540d\\u6216\\u5bc6\\u7801\\u9519\\u8bef\"',1510554811),(1177,'admin','LOGIN','User','','\"\\u7528\\u6237\\u540d\\u6216\\u5bc6\\u7801\\u9519\\u8bef\"',1510554815),(1178,'admin','LOGIN','User','','\"\\u7528\\u6237\\u540d\\u6216\\u5bc6\\u7801\\u9519\\u8bef\"',1510555104),(1179,'admin','LOGIN','User','','\"\\u7528\\u6237\\u540d\\u6216\\u5bc6\\u7801\\u9519\\u8bef\"',1510555112),(1180,'admin','LOGIN','User','','\"\\u7528\\u6237\\u540d\\u6216\\u5bc6\\u7801\\u9519\\u8bef\"',1510555116),(1181,'admin','LOGIN','User','','\"\\u7528\\u6237\\u540d\\u6216\\u5bc6\\u7801\\u9519\\u8bef\"',1510555122),(1182,'admin','LOGIN','User','1','{\"IP\":\"119.81.237.3\"}',1510556345),(1183,'admin','LOGOUT','User','1','',1510556359),(1184,'HaiGame03','LOGIN','User','','\"\\u7528\\u6237\\u540d\\u6216\\u5bc6\\u7801\\u9519\\u8bef\"',1510556365),(1185,'HaiGame03','LOGIN','User','','\"\\u7528\\u6237\\u540d\\u6216\\u5bc6\\u7801\\u9519\\u8bef\"',1510556371),(1186,'HaiGame03','LOGIN','User','','\"\\u7528\\u6237\\u540d\\u6216\\u5bc6\\u7801\\u9519\\u8bef\"',1510556374),(1187,'HaiGame02','LOGIN','User','','\"\\u7528\\u6237\\u540d\\u6216\\u5bc6\\u7801\\u9519\\u8bef\"',1510556381),(1188,'HaiGame02','LOGIN','User','','\"\\u7528\\u6237\\u540d\\u6216\\u5bc6\\u7801\\u9519\\u8bef\"',1510556445),(1189,'HaiGame02','LOGIN','User','','\"\\u7528\\u6237\\u540d\\u6216\\u5bc6\\u7801\\u9519\\u8bef\"',1510556450),(1190,'admin','LOGIN','User','1','{\"IP\":\"119.81.237.3\"}',1510556475),(1191,'admin','ADD','User','35','{\"user_name\":\"HaiGame03\",\"password\":\"\",\"real_name\":\"\\u8d3e\\u97592\\u53f7\",\"mobile\":\"13800000000\",\"email\":\"jiajing@163.com\",\"user_desc\":\"\\u8d3e\\u97592\\u53f7\",\"user_group\":\"5\"}',1510556566),(1192,'admin','ADD','User','36','{\"user_name\":\"HaiGame04\",\"password\":\"\",\"real_name\":\"\\u8d3e\\u97593\\u53f7\",\"mobile\":\"13800000000\",\"email\":\"jiajing@163.com\",\"user_desc\":\"\\u8d3e\\u97593\\u53f7\",\"user_group\":\"5\"}',1510556632),(1193,'admin','LOGOUT','User','1','',1510556636),(1194,'HaiGame03','LOGIN','User','35','{\"IP\":\"119.81.237.3\"}',1510556649),(1195,'HaiGame03','LOGOUT','User','35','',1510557747),(1196,'xujiawei','LOGIN','User','27','{\"IP\":\"119.81.237.3\"}',1510557755),(1197,'xujiawei','LOGOUT','User','27','',1510557761),(1198,'wangzewei','LOGIN','User','30','{\"IP\":\"119.81.237.3\"}',1510557767),(1199,'wangzewei','LOGOUT','User','30','',1510557775),(1200,'HaiGame01','LOGIN','User','','\"\\u7528\\u6237\\u540d\\u6216\\u5bc6\\u7801\\u9519\\u8bef\"',1510557819),(1201,'HaiGame01','LOGIN','User','','\"\\u7528\\u6237\\u540d\\u6216\\u5bc6\\u7801\\u9519\\u8bef\"',1510557822),(1202,'HaiGame03','LOGIN','User','35','{\"IP\":\"119.81.237.3\"}',1510557824),(1203,'HaiGame03','LOGOUT','User','35','',1510557829),(1204,'admin','LOGIN','User','1','{\"IP\":\"119.81.237.3\"}',1510557837),(1205,'admin','LOGOUT','User','1','',1510557906),(1206,'HaiGame03','LOGIN','User','35','{\"IP\":\"119.81.237.3\"}',1510557915),(1207,'HaiGame03','LOGOUT','User','35','',1510558083),(1208,'admin','LOGIN','User','1','{\"IP\":\"119.81.237.3\"}',1510558090),(1209,'admin','MODIFY','User','35','{\"real_name\":\"\\u8d3e\\u97592\\u53f7\",\"mobile\":\"13800000000\",\"email\":\"jiajing@163.com\",\"user_desc\":\"\\u8d3e\\u97592\\u53f7\",\"user_group\":\"4\",\"ip\":\"119.81.237.3\"}',1510558117),(1210,'admin','LOGOUT','User','1','',1510558121),(1211,'HaiGame03','LOGIN','User','','\"\\u7528\\u6237\\u540d\\u6216\\u5bc6\\u7801\\u9519\\u8bef\"',1510558128),(1212,'HaiGame03','LOGIN','User','','\"\\u7528\\u6237\\u540d\\u6216\\u5bc6\\u7801\\u9519\\u8bef\"',1510558132),(1213,'HaiGame03','LOGIN','User','35','{\"IP\":\"119.81.237.3\"}',1510558137),(1214,'HaiGame03','LOGOUT','User','35','',1510558218),(1215,'admin','LOGIN','User','1','{\"IP\":\"119.81.237.3\"}',1510558221),(1216,'admin','ADD','UserGroup','6','{\"group_name\":\"\\u6570\\u636e\\u7edf\\u8ba1_\\u57fa\\u7840\",\"group_desc\":\"\\u6570\\u636e\\u7edf\\u8ba1_\\u57fa\\u7840\",\"group_role\":\"1,5,17,18,22,23,24,25\",\"owner_id\":\"1\"}',1510558311),(1217,'admin','MODIFY','UserGroup','6','{\"group_role\":\"1,5,17,22,23,104,105\"}',1510558335),(1218,'admin','LOGOUT','User','1','',1510558339),(1219,'HaiGame03','LOGIN','User','35','{\"IP\":\"119.81.237.3\"}',1510558351),(1220,'HaiGame03','LOGOUT','User','35','',1510558366),(1221,'admin','LOGIN','User','1','{\"IP\":\"119.81.237.3\"}',1510558369),(1222,'admin','MODIFY','User','35','{\"real_name\":\"\\u8d3e\\u97592\\u53f7\",\"mobile\":\"13800000000\",\"email\":\"jiajing@163.com\",\"user_desc\":\"\\u8d3e\\u97592\\u53f7\",\"user_group\":\"6\",\"ip\":\"119.81.237.3\"}',1510558380),(1223,'admin','MODIFY','User','36','{\"real_name\":\"\\u8d3e\\u97593\\u53f7\",\"mobile\":\"13800000000\",\"email\":\"jiajing@163.com\",\"user_desc\":\"\\u8d3e\\u97593\\u53f7\",\"user_group\":\"6\",\"ip\":\"119.81.237.3\"}',1510558387),(1224,'admin','LOGOUT','User','1','',1510558390),(1225,'HaiGame03','LOGIN','User','35','{\"IP\":\"119.81.237.3\"}',1510558397),(1226,'HaiGame03','MODIFY','User','35','{\"real_name\":\"\\u8d3e\\u97592\\u53f7\",\"mobile\":\"13800000000\",\"email\":\"jiajing@163.com\",\"user_desc\":\"\\u8d3e\\u97592\\u53f7\",\"show_quicknote\":\"0\"}',1510558415),(1227,'HaiGame03','LOGOUT','User','35','',1510558449),(1228,'HaiGame04','LOGIN','User','36','{\"IP\":\"119.81.237.3\"}',1510558460),(1229,'HaiGame02','LOGOUT','User','34','',1510562853),(1230,'haigame03','LOGIN','User','35','{\"IP\":\"118.186.200.10\"}',1510562880),(1231,'HaiGame03','MODIFY','User','35','',1510563008),(1232,'HaiGame03','LOGOUT','User','35','',1510563018),(1233,'haigame03','LOGIN','User','35','{\"IP\":\"118.186.200.10\"}',1510563028),(1234,'HaiGame03','LOGIN','User','35','{\"IP\":\"27.154.20.213\"}',1510572857),(1235,'HaiGame04','LOGOUT','User','36','',1510638083),(1236,'xujiawei','LOGIN','User','27','{\"IP\":\"119.81.237.3\"}',1510638093),(1237,'HaiGame03','LOGIN','User','35','{\"IP\":\"119.81.237.3\"}',1510639190),(1238,'HaiGame02','LOGIN','User','34','{\"IP\":\"221.223.101.46\"}',1510755325),(1239,'HaiGame02','LOGIN','User','34','{\"IP\":\"221.223.101.46\"}',1510755340),(1240,'HaiGame02','LOGIN','User','34','{\"IP\":\"221.223.101.46\"}',1510755391),(1241,'wangzewei','LOGOUT','User','30','',1510755405),(1242,'HaiGame02','LOGIN','User','34','{\"IP\":\"123.116.82.197\"}',1510755415),(1243,'HaiGame02','LOGIN','User','34','{\"IP\":\"221.223.101.46\"}',1510755432),(1244,'HaiGame02','LOGIN','User','34','{\"IP\":\"221.223.101.46\"}',1510755536),(1245,'HaiGame02','LOGOUT','User','34','',1510755557),(1246,'HaiGame02','LOGIN','User','34','{\"IP\":\"123.116.82.197\"}',1510755565),(1247,'HaiGame02','LOGOUT','User','34','',1510755585),(1248,'HaiGame01','LOGIN','User','33','{\"IP\":\"123.116.82.197\"}',1510755600),(1249,'HaiGame01','LOGIN','User','33','{\"IP\":\"221.223.101.46\"}',1510755630),(1250,'HaiGame01','LOGOUT','User','33','',1510755649),(1251,'HaiGame01','LOGIN','User','33','{\"IP\":\"221.223.101.46\"}',1510755649),(1252,'HaiGame01','LOGIN','User','33','{\"IP\":\"221.223.101.46\"}',1510755680),(1253,'HaiGame01','LOGIN','User','33','{\"IP\":\"123.116.82.197\"}',1510755682),(1254,'HaiGame01','LOGIN','User','33','{\"IP\":\"221.223.101.46\"}',1510755744),(1255,'HaiGame01','LOGIN','User','33','{\"IP\":\"106.121.59.183\"}',1510755782),(1256,'HaiGame01','LOGOUT','User','33','',1510755810),(1257,'HaiGame01','LOGIN','User','33','{\"IP\":\"123.116.82.197\"}',1510755835),(1258,'HaiGame02','LOGIN','User','34','{\"IP\":\"123.122.47.94\"}',1510756150),(1259,'HaiGame01','LOGOUT','User','33','',1510756240),(1260,'HaiGame01','LOGIN','User','33','{\"IP\":\"123.116.82.197\"}',1510756774),(1261,'HaiGame01','LOGOUT','User','33','',1510758893),(1262,'HaiGame01','LOGIN','User','33','{\"IP\":\"123.116.82.197\"}',1510758946),(1263,'xujiawei','LOGOUT','User','27','',1510794086),(1264,'xujiawei','LOGIN','User','27','{\"IP\":\"119.81.237.3\"}',1510798392),(1265,'HaiGame01','LOGOUT','User','33','',1510802426),(1266,'HaiGame03','LOGIN','User','35','{\"IP\":\"118.186.200.10\"}',1510802443),(1267,'HaiGame03','LOGOUT','User','35','',1510802509),(1268,'HaiGame01','LOGIN','User','33','{\"IP\":\"118.186.200.10\"}',1510802515),(1269,'HaiGame01','LOGOUT','User','33','',1510803190),(1270,'HaiGame01','LOGIN','User','33','{\"IP\":\"118.186.200.10\"}',1510803198),(1271,'HaiGame01','LOGOUT','User','33','',1510803205),(1272,'HaiGame01','LOGIN','User','33','{\"IP\":\"118.186.200.10\"}',1510803233),(1273,'xujiawei','LOGOUT','User','27','',1510803571),(1274,'HaiGame02','LOGIN','User','','\"\\u7528\\u6237\\u540d\\u6216\\u5bc6\\u7801\\u9519\\u8bef\"',1510803581),(1275,'HaiGame02','LOGIN','User','','\"\\u7528\\u6237\\u540d\\u6216\\u5bc6\\u7801\\u9519\\u8bef\"',1510803585),(1276,'HaiGame02','LOGIN','User','','\"\\u7528\\u6237\\u540d\\u6216\\u5bc6\\u7801\\u9519\\u8bef\"',1510803589),(1277,'HaiGame03','LOGIN','User','','\"\\u7528\\u6237\\u540d\\u6216\\u5bc6\\u7801\\u9519\\u8bef\"',1510803592),(1278,'HaiGame03','LOGIN','User','','\"\\u7528\\u6237\\u540d\\u6216\\u5bc6\\u7801\\u9519\\u8bef\"',1510803597),(1279,'HaiGame03','LOGIN','User','','\"\\u7528\\u6237\\u540d\\u6216\\u5bc6\\u7801\\u9519\\u8bef\"',1510803599),(1280,'admin','LOGIN','User','','\"\\u7528\\u6237\\u540d\\u6216\\u5bc6\\u7801\\u9519\\u8bef\"',1510803604),(1281,'admin','LOGIN','User','','\"\\u7528\\u6237\\u540d\\u6216\\u5bc6\\u7801\\u9519\\u8bef\"',1510803607),(1282,'admin','LOGIN','User','1','{\"IP\":\"119.81.237.3\"}',1510803666),(1283,'admin','LOGOUT','User','1','',1510803691),(1284,'HaiGame02','LOGIN','User','','\"\\u7528\\u6237\\u540d\\u6216\\u5bc6\\u7801\\u9519\\u8bef\"',1510803698),(1285,'HaiGame02','LOGIN','User','','\"\\u7528\\u6237\\u540d\\u6216\\u5bc6\\u7801\\u9519\\u8bef\"',1510803729),(1286,'HaiGame02','LOGIN','User','','\"\\u7528\\u6237\\u540d\\u6216\\u5bc6\\u7801\\u9519\\u8bef\"',1510803733),(1287,'HaiGame02','LOGIN','User','','\"\\u7528\\u6237\\u540d\\u6216\\u5bc6\\u7801\\u9519\\u8bef\"',1510803735),(1288,'HaiGame02','LOGIN','User','','\"\\u7528\\u6237\\u540d\\u6216\\u5bc6\\u7801\\u9519\\u8bef\"',1510803739),(1289,'HaiGame02','LOGIN','User','','\"\\u7528\\u6237\\u540d\\u6216\\u5bc6\\u7801\\u9519\\u8bef\"',1510803741),(1290,'HaiGame02','LOGIN','User','34','{\"IP\":\"123.125.90.51\"}',1510806048),(1291,'HaiGame02','LOGIN','User','34','{\"IP\":\"123.125.90.51\"}',1510806067),(1292,'HaiGame02','LOGIN','User','34','{\"IP\":\"123.125.90.51\"}',1510806082),(1293,'HaiGame02','LOGIN','User','34','{\"IP\":\"123.125.90.51\"}',1510806093),(1294,'HaiGame02','LOGIN','User','34','{\"IP\":\"123.125.90.51\"}',1510806106),(1295,'admin','LOGIN','User','','\"\\u7528\\u6237\\u540d\\u6216\\u5bc6\\u7801\\u9519\\u8bef\"',1510806244),(1296,'admin','LOGIN','User','1','{\"IP\":\"119.81.237.3\"}',1510806248),(1297,'HaiGame03','LOGIN','User','35','{\"IP\":\"27.154.20.129\"}',1511009522),(1298,'HaiGame03','LOGIN','User','35','{\"IP\":\"27.154.20.129\"}',1511054280),(1299,'HaiGame03','LOGIN','User','35','{\"IP\":\"27.154.20.129\"}',1511054284),(1300,'HaiGame03','LOGIN','User','35','{\"IP\":\"27.154.20.129\"}',1511066770),(1301,'HaiGame03','LOGIN','User','35','{\"IP\":\"120.41.191.216\"}',1511078323),(1302,'HaiGame03','LOGIN','User','35','{\"IP\":\"27.154.20.129\"}',1511086553),(1303,'HaiGame03','LOGIN','User','35','{\"IP\":\"27.154.20.129\"}',1511133585),(1304,'admin','LOGOUT','User','1','',1511147341),(1305,'xujiawei','LOGIN','User','27','{\"IP\":\"119.81.237.3\"}',1511147349),(1306,'HaiGame01','LOGOUT','User','33','',1511168760),(1307,'HaiGame03','LOGIN','User','35','{\"IP\":\"118.186.200.10\"}',1511168764),(1308,'HaiGame03','LOGIN','User','35','{\"IP\":\"117.30.92.161\"}',1511173022),(1309,'wangzewei','LOGIN','User','','\"\\u7528\\u6237\\u540d\\u6216\\u5bc6\\u7801\\u9519\\u8bef\"',1511173687),(1310,'wangzewei','LOGIN','User','','\"\\u7528\\u6237\\u540d\\u6216\\u5bc6\\u7801\\u9519\\u8bef\"',1511173698),(1311,'wangzewei','LOGIN','User','','\"\\u7528\\u6237\\u540d\\u6216\\u5bc6\\u7801\\u9519\\u8bef\"',1511173706),(1312,'wangzewei','LOGIN','User','','\"\\u7528\\u6237\\u540d\\u6216\\u5bc6\\u7801\\u9519\\u8bef\"',1511173708),(1313,'wangzewei','LOGIN','User','','\"\\u7528\\u6237\\u540d\\u6216\\u5bc6\\u7801\\u9519\\u8bef\"',1511173709),(1314,'wangzewei','LOGIN','User','','\"\\u7528\\u6237\\u540d\\u6216\\u5bc6\\u7801\\u9519\\u8bef\"',1511173710),(1315,'wangzewei','LOGIN','User','','\"\\u7528\\u6237\\u540d\\u6216\\u5bc6\\u7801\\u9519\\u8bef\"',1511173724),(1316,'wangzewei','LOGIN','User','','\"\\u7528\\u6237\\u540d\\u6216\\u5bc6\\u7801\\u9519\\u8bef\"',1511173727),(1317,'wangzewei','LOGIN','User','','\"\\u7528\\u6237\\u540d\\u6216\\u5bc6\\u7801\\u9519\\u8bef\"',1511173729),(1318,'wangzewei','LOGIN','User','','\"\\u7528\\u6237\\u540d\\u6216\\u5bc6\\u7801\\u9519\\u8bef\"',1511173737),(1319,'xujiawei','LOGOUT','User','27','',1511173751),(1320,'wangzewei','LOGIN','User','','\"\\u7528\\u6237\\u540d\\u6216\\u5bc6\\u7801\\u9519\\u8bef\"',1511173751),(1321,'wangzewei','LOGIN','User','','\"\\u7528\\u6237\\u540d\\u6216\\u5bc6\\u7801\\u9519\\u8bef\"',1511173753),(1322,'wangzewei','LOGIN','User','','\"\\u7528\\u6237\\u540d\\u6216\\u5bc6\\u7801\\u9519\\u8bef\"',1511173761),(1323,'wangzewei','LOGIN','User','','\"\\u7528\\u6237\\u540d\\u6216\\u5bc6\\u7801\\u9519\\u8bef\"',1511173761),(1324,'wangzewei','LOGIN','User','','\"\\u7528\\u6237\\u540d\\u6216\\u5bc6\\u7801\\u9519\\u8bef\"',1511173764),(1325,'wangzewei','LOGIN','User','30','{\"IP\":\"119.81.237.3\"}',1511173765),(1326,'wangzewei','LOGIN','User','30','{\"IP\":\"117.136.38.9\"}',1511173771),(1327,'wangzewei','MODIFY','User','30','',1511173815),(1328,'wangzewei','LOGOUT','User','30','',1511173882),(1329,'xujiawei','LOGIN','User','27','{\"IP\":\"119.81.237.3\"}',1511173885),(1330,'HaiGame03','LOGIN','User','35','{\"IP\":\"27.154.20.129\"}',1511260393),(1331,'xujiawei','LOGIN','User','27','{\"IP\":\"173.192.141.70\"}',1511319693),(1332,'xujiawei','LOGIN','User','27','{\"IP\":\"173.192.141.70\"}',1511327072),(1333,'HaiGame03','LOGIN','User','35','{\"IP\":\"27.154.20.129\"}',1511354200),(1334,'xujiawei','LOGIN','User','27','{\"IP\":\"161.202.48.247\"}',1511505374),(1335,'xujiawei','LOGIN','User','27','{\"IP\":\"161.202.48.247\"}',1511809111),(1336,'xujiawei','LOGIN','User','27','{\"IP\":\"161.202.48.247\"}',1512128127),(1337,'HaiGame03','LOGIN','User','35','{\"IP\":\"117.30.95.159\"}',1512302322),(1338,'xujiawei','LOGIN','User','27','{\"IP\":\"161.202.48.247\"}',1512458388),(1339,'admin','LOGOUT','User','1','',1512624734),(1340,'admin','LOGIN','User','','\"\\u7528\\u6237\\u540d\\u6216\\u5bc6\\u7801\\u9519\\u8bef\"',1512624738),(1341,'admin','LOGIN','User','1','{\"IP\":\"161.202.48.247\"}',1512624746),(1342,'admin','LOGOUT','User','1','',1512637508),(1343,'admin','LOGIN','User','1','{\"IP\":\"161.202.48.247\"}',1512637514),(1344,'admin','LOGOUT','User','1','',1512637784),(1345,'xujiawei','LOGIN','User','27','{\"IP\":\"161.202.48.247\"}',1512637789),(1346,'xujiawei','LOGOUT','User','27','',1512638160),(1347,'admin','LOGIN','User','1','{\"IP\":\"161.202.48.247\"}',1512638168),(1348,'admin','LOGIN','User','1','{\"IP\":\"161.202.48.247\"}',1512638217),(1349,'admin','MODIFY','User','1','',1512638232),(1350,'admin','LOGOUT','User','1','',1512638238),(1351,'admin','LOGIN','User','1','{\"IP\":\"161.202.48.247\"}',1512638245),(1352,'admin','LOGOUT','User','1','',1512638279),(1353,'admin','LOGIN','User','1','{\"IP\":\"161.202.48.247\"}',1512638285),(1354,'admin','LOGIN','User','1','{\"IP\":\"118.186.200.10\"}',1512639198),(1355,'admin','MODIFY','UserGroup','1','{\"group_role\":\"1,2,3,4,5,6,7,8,9,10,11,12,13,14,15,16,17,18,19,20,21,22,23,24,25,26,104,105,106,107,108,109\"}',1512639557),(1356,'admin','LOGOUT','User','1','',1512641724),(1357,'xujiawei','LOGIN','User','','\"\\u7528\\u6237\\u540d\\u6216\\u5bc6\\u7801\\u9519\\u8bef\"',1512641732),(1358,'xujiawei','LOGIN','User','27','{\"IP\":\"161.202.48.247\"}',1512641736),(1359,'xujiawei','LOGOUT','User','27','',1512644934),(1360,'admin','LOGIN','User','1','{\"IP\":\"161.202.48.247\"}',1512644938),(1361,'user001','LOGOUT','User','37','',1512645082),(1362,'admin','LOGIN','User','1','{\"IP\":\"118.186.200.10\"}',1512645093),(1363,'admin','ADD','User','37','{\"user_name\":\" user01\",\"password\":\"\",\"real_name\":\"user01\",\"mobile\":\"12345678910\",\"email\":\"123456@123.com\",\"user_desc\":\"\",\"user_group\":\"4\"}',1512645212),(1364,'admin','LOGOUT','User','1','',1512645218),(1365,' user01','LOGIN','User','37','{\"IP\":\"118.186.200.10\"}',1512645261),(1366,' user01','LOGOUT','User','37','',1512647253),(1367,'admin','LOGIN','User','1','{\"IP\":\"118.186.200.10\"}',1512647258),(1368,'admin','ADD','User','38','{\"user_name\":\"user02\",\"password\":\"\",\"real_name\":\"user02\",\"mobile\":\"00000000000\",\"email\":\"0000@000.com\",\"user_desc\":\"\",\"user_group\":\"4\"}',1512647316),(1369,'admin','LOGOUT','User','1','',1512647348),(1370,'user02','LOGIN','User','38','{\"IP\":\"118.186.200.10\"}',1512647353),(1371,'user02','LOGIN','User','38','{\"IP\":\"118.186.200.10\"}',1512703972),(1372,'admin','LOGIN','User','1','{\"IP\":\"118.186.200.10\"}',1512704162),(1373,'user02','LOGOUT','User','38','',1512704529),(1374,'admin','LOGIN','User','1','{\"IP\":\"118.186.200.10\"}',1512704541),(1375,'admin','LOGOUT','User','1','',1512709362),(1376,'user02','LOGIN','User','38','{\"IP\":\"118.186.200.10\"}',1512709400),(1377,'user02','LOGIN','User','38','{\"IP\":\"58.48.195.2\"}',1512711387),(1378,'user02','LOGIN','User','38','{\"IP\":\"58.48.195.2\"}',1512711400),(1379,'user02','LOGIN','User','38','{\"IP\":\"58.48.195.6\"}',1512713987),(1380,'user02','LOGIN','User','38','{\"IP\":\"59.174.12.29\"}',1512714570),(1381,'user01','LOGIN','User','','\"\\u7528\\u6237\\u540d\\u6216\\u5bc6\\u7801\\u9519\\u8bef\"',1512723654),(1382,'user01','LOGIN','User','','\"\\u7528\\u6237\\u540d\\u6216\\u5bc6\\u7801\\u9519\\u8bef\"',1512723669),(1383,'admin','LOGOUT','User','1','',1512723730),(1384,' user01','LOGIN','User','37','{\"IP\":\"118.186.200.10\"}',1512723750),(1385,' user01','LOGOUT','User','37','',1512723838),(1386,'user01','LOGIN','User','','\"\\u7528\\u6237\\u540d\\u6216\\u5bc6\\u7801\\u9519\\u8bef\"',1512723864),(1387,'admin','LOGIN','User','1','{\"IP\":\"118.186.200.10\"}',1512723889),(1388,'admin','LOGIN','User','1','{\"IP\":\"118.186.200.10\"}',1512723909),(1389,'admin','DELETE','User','37','{\"user_id\":\"37\",\"user_name\":\" user01\",\"password\":null,\"real_name\":\"user01\",\"mobile\":\"12345678910\",\"email\":\"123456@123.com\",\"user_desc\":\"\",\"login_time\":\"2017-12-08 17:02:30\",\"status\":\"1\",\"login_ip\":\"118.186.200.10\",\"user_group\":\"4\",\"template\":\"default\",\"shortcuts\":null,\"show_quicknote\":\"1\"}',1512723919),(1390,'admin','ADD','User','39','{\"user_name\":\"user01\",\"password\":\"\",\"real_name\":\"123\",\"mobile\":\"12345678910\",\"email\":\"000@000.com\",\"user_desc\":\"\",\"user_group\":\"5\"}',1512723973),(1391,'admin','LOGOUT','User','1','',1512723979),(1392,'user01','LOGIN','User','39','{\"IP\":\"118.186.200.10\"}',1512723984),(1393,'user01','LOGOUT','User','39','',1512723995),(1394,'admin','LOGIN','User','1','{\"IP\":\"118.186.200.10\"}',1512724000),(1395,'admin','MODIFY','User','39','{\"real_name\":\"123\",\"mobile\":\"12345678910\",\"email\":\"000@000.com\",\"user_desc\":\"\",\"user_group\":\"4\",\"ip\":\"118.186.200.10\"}',1512724010),(1396,'admin','LOGOUT','User','1','',1512724019),(1397,'user01','LOGIN','User','39','{\"IP\":\"118.186.200.10\"}',1512724036),(1398,'user01','LOGIN','User','39','{\"IP\":\"183.14.31.123\"}',1512724144),(1399,'admin','LOGIN','User','1','{\"IP\":\"118.186.200.10\"}',1512728286),(1400,'user01','LOGIN','User','39','{\"IP\":\"119.137.54.246\"}',1512964620),(1401,'admin','LOGIN','User','1','{\"IP\":\"118.186.200.10\"}',1512979025),(1402,'admin','LOGIN','User','1','{\"IP\":\"118.186.200.10\"}',1512981575),(1403,'user01','LOGIN','User','39','{\"IP\":\"183.14.30.59\"}',1513132911),(1404,'admin','LOGIN','User','1','{\"IP\":\"161.202.48.247\"}',1513138519),(1405,'HaiGame03','LOGIN','User','35','{\"IP\":\"117.30.93.218\"}',1513164004),(1406,'user01','LOGIN','User','39','{\"IP\":\"183.14.30.59\"}',1513233287),(1407,'admin','LOGIN','User','1','{\"IP\":\"119.81.249.135\"}',1513329418),(1408,'user01','LOGIN','User','39','{\"IP\":\"113.90.37.33\"}',1513389341),(1409,'user01','LOGIN','User','39','{\"IP\":\"183.14.135.49\"}',1513390277),(1410,'user01','LOGIN','User','39','{\"IP\":\"113.118.227.63\"}',1513442642),(1411,'user01','LOGIN','User','39','{\"IP\":\"163.125.34.20\"}',1513493502),(1412,'user01','LOGIN','User','39','{\"IP\":\"113.92.153.14\"}',1513519002),(1413,'user01','LOGIN','User','39','{\"IP\":\"183.14.28.227\"}',1513564361),(1414,'admin','LOGIN','User','1','{\"IP\":\"118.186.200.10\"}',1513580523),(1415,'admin','LOGIN','User','1','{\"IP\":\"119.81.249.135\"}',1513583994),(1416,'user01','LOGIN','User','39','{\"IP\":\"183.14.135.43\"}',1513654559),(1417,'admin','LOGIN','User','1','{\"IP\":\"119.81.249.135\"}',1513678170),(1418,'user01','LOGIN','User','39','{\"IP\":\"113.90.36.171\"}',1513698898),(1419,'admin','LOGIN','User','1','{\"IP\":\"161.202.48.247\"}',1513760756),(1420,'user01','LOGIN','User','39','{\"IP\":\"183.14.29.138\"}',1513827359),(1421,'admin','LOGIN','User','1','{\"IP\":\"119.81.249.135\"}',1513831233),(1422,'admin','LOGIN','User','1','{\"IP\":\"118.186.200.10\"}',1513855671),(1423,'admin','LOGIN','User','1','{\"IP\":\"119.81.249.135\"}',1513938383),(1424,'admin','LOGIN','User','1','{\"IP\":\"161.202.48.247\"}',1513938601),(1425,'user01','LOGIN','User','39','{\"IP\":\"183.14.134.227\"}',1513995270),(1426,'admin','LOGIN','User','1','{\"IP\":\"223.104.23.195\"}',1514045076),(1427,'admin','LOGIN','User','1','{\"IP\":\"223.104.23.195\"}',1514047612),(1428,'user01','LOGIN','User','39','{\"IP\":\"183.14.135.229\"}',1514168288),(1429,'admin','LOGIN','User','1','{\"IP\":\"118.186.200.10\"}',1514190385),(1430,'admin','LOGIN','User','1','{\"IP\":\"161.202.48.247\"}',1514356163),(1431,'admin','LOGIN','User','1','{\"IP\":\"118.186.200.10\"}',1514371426),(1432,'admin','LOGIN','User','1','{\"IP\":\"161.202.48.247\"}',1514431269),(1433,'admin','LOGOUT','User','1','',1514450116),(1434,'admin','LOGIN','User','1','{\"IP\":\"119.81.249.135\"}',1514450122),(1435,'admin','ADD','User','40','{\"user_name\":\"zzxxccvv951\",\"password\":\"\",\"real_name\":\"\\u5468\\u5cf0\",\"mobile\":\"13800000000\",\"email\":\"zhoufeng@163.com\",\"user_desc\":\"\\u5468\\u5cf0\",\"user_group\":\"4\"}',1514450985),(1436,'admin','LOGOUT','User','1','',1514450988),(1437,'zzxxccvv951','LOGIN','User','40','{\"IP\":\"119.81.249.135\"}',1514451000),(1438,'zzxxccvv951','LOGOUT','User','40','',1514451031),(1439,'admin','LOGIN','User','1','{\"IP\":\"119.81.249.135\"}',1514451036),(1440,'admin','LOGIN','User','1','{\"IP\":\"118.186.200.10\"}',1514451063),(1441,'admin','LOGOUT','User','1','',1514451168),(1442,'zzxxccvv951','LOGIN','User','40','{\"IP\":\"118.186.200.10\"}',1514451184),(1443,'zzxxccvv951','LOGOUT','User','40','',1514451263),(1444,'admin','LOGIN','User','1','{\"IP\":\"118.186.200.10\"}',1514451269),(1445,'zzxxccvv951','LOGIN','User','','\"\\u7528\\u6237\\u540d\\u6216\\u5bc6\\u7801\\u9519\\u8bef\"',1514510837),(1446,'zzxxccvv951','LOGIN','User','40','{\"IP\":\"14.28.136.174\"}',1514510847),(1447,'admin','LOGIN','User','1','{\"IP\":\"118.186.200.10\"}',1514529408),(1448,'admin','LOGIN','User','1','{\"IP\":\"118.186.200.10\"}',1514529412),(1449,'admin','LOGIN','User','1','{\"IP\":\"119.81.249.135\"}',1514537247),(1450,'admin','LOGIN','User','1','{\"IP\":\"118.186.200.10\"}',1514542518),(1451,'admin','LOGIN','User','1','{\"IP\":\"119.81.249.135\"}',1514742122),(1452,'admin','LOGIN','User','1','{\"IP\":\"118.186.200.10\"}',1514861474),(1453,'admin','LOGIN','User','1','{\"IP\":\"118.186.200.10\"}',1514871982),(1454,'admin','LOGIN','User','1','{\"IP\":\"118.186.200.10\"}',1514877088),(1455,'admin','LOGIN','User','1','{\"IP\":\"118.186.200.10\"}',1515035958),(1456,'admin','LOGIN','User','1','{\"IP\":\"119.81.249.135\"}',1515059886),(1457,'admin','LOGIN','User','1','{\"IP\":\"118.186.200.10\"}',1515134639),(1458,'xujiawei','LOGIN','User','','\"\\u7528\\u6237\\u540d\\u6216\\u5bc6\\u7801\\u9519\\u8bef\"',1515142735),(1459,'xujiawei','LOGIN','User','27','{\"IP\":\"119.81.249.135\"}',1515142740),(1460,'admin','LOGIN','User','1','{\"IP\":\"118.186.200.10\"}',1515144068),(1461,'admin','LOGIN','User','1','{\"IP\":\"118.186.200.10\"}',1515389141),(1462,'admin','LOGIN','User','1','{\"IP\":\"118.186.200.10\"}',1515392880),(1463,'admin','LOGIN','User','1','{\"IP\":\"118.186.200.10\"}',1515495171),(1464,'admin','LOGIN','User','1','{\"IP\":\"118.186.200.10\"}',1515552884),(1465,'admin','LOGIN','User','1','{\"IP\":\"118.186.200.10\"}',1515562825),(1466,'user02','LOGIN','User','38','{\"IP\":\"58.48.195.6\"}',1515565775),(1467,'admin','LOGIN','User','1','{\"IP\":\"118.186.200.10\"}',1515650858),(1468,'admin','LOGIN','User','1','{\"IP\":\"118.186.200.10\"}',1515658416),(1469,'admin','LOGIN','User','1','{\"IP\":\"118.186.200.10\"}',1515741890),(1470,'admin','LOGIN','User','1','{\"IP\":\"161.202.48.247\"}',1515742889),(1471,'admin','LOGIN','User','','\"\\u7528\\u6237\\u540d\\u6216\\u5bc6\\u7801\\u9519\\u8bef\"',1515988420),(1472,'admin','LOGIN','User','','\"\\u7528\\u6237\\u540d\\u6216\\u5bc6\\u7801\\u9519\\u8bef\"',1515988426),(1473,'admin','LOGIN','User','','\"\\u7528\\u6237\\u540d\\u6216\\u5bc6\\u7801\\u9519\\u8bef\"',1515988440),(1474,'admin','LOGIN','User','1','{\"IP\":\"118.186.200.10\"}',1515988467),(1475,'admin','LOGIN','User','','\"\\u7528\\u6237\\u540d\\u6216\\u5bc6\\u7801\\u9519\\u8bef\"',1515995044),(1476,'admin','LOGIN','User','','\"\\u7528\\u6237\\u540d\\u6216\\u5bc6\\u7801\\u9519\\u8bef\"',1515995857),(1477,'admin','LOGIN','User','1','{\"IP\":\"118.186.200.10\"}',1515995866),(1478,'admin','LOGIN','User','1','{\"IP\":\"118.186.200.10\"}',1516071159),(1479,'admin','LOGIN','User','1','{\"IP\":\"118.186.200.10\"}',1516083909),(1480,'admin','LOGIN','User','1','{\"IP\":\"118.186.200.10\"}',1516089838),(1481,'admin','LOGIN','User','1','{\"IP\":\"118.186.200.10\"}',1516353048),(1482,'admin','LOGIN','User','1','{\"IP\":\"118.186.200.10\"}',1516677567),(1483,'admin','LOGIN','User','1','{\"IP\":\"118.186.200.10\"}',1516689176),(1484,'admin','LOGIN','User','1','{\"IP\":\"118.186.200.10\"}',1516958866),(1485,'admin','LOGIN','User','1','{\"IP\":\"118.186.200.10\"}',1517393667),(1486,'admin','LOGIN','User','1','{\"IP\":\"118.186.200.10\"}',1517559277),(1487,'xujiawei','LOGOUT','User','27','',1517563929),(1488,'admin','LOGIN','User','1','{\"IP\":\"161.202.48.247\"}',1517563934),(1489,'admin','ADD','User','41','{\"user_name\":\"whh\",\"password\":\"\",\"real_name\":\"whh\",\"mobile\":\"13800000000\",\"email\":\"whh@163.com\",\"user_desc\":\"whh\",\"user_group\":\"6\"}',1517564246),(1490,'admin','LOGOUT','User','1','',1517564251),(1491,'whh','LOGIN','User','41','{\"IP\":\"161.202.48.247\"}',1517564257),(1492,'whh','LOGOUT','User','41','',1517564293),(1493,'admin','LOGIN','User','1','{\"IP\":\"161.202.48.247\"}',1517564296),(1494,'admin','MODIFY','User','41','{\"real_name\":\"whh\",\"mobile\":\"13800000000\",\"email\":\"whh@163.com\",\"user_desc\":\"whh\",\"user_group\":\"3\",\"ip\":\"161.202.48.247\"}',1517564313),(1495,'admin','LOGOUT','User','1','',1517564316),(1496,'whh','LOGIN','User','41','{\"IP\":\"161.202.48.247\"}',1517564322),(1497,'whh','LOGOUT','User','41','',1517564342),(1498,'admin','LOGIN','User','1','{\"IP\":\"161.202.48.247\"}',1517564348),(1499,'admin','MODIFY','User','41','{\"real_name\":\"whh\",\"mobile\":\"13800000000\",\"email\":\"whh@163.com\",\"user_desc\":\"whh\",\"user_group\":\"5\",\"ip\":\"161.202.48.247\"}',1517564359),(1500,'admin','LOGOUT','User','1','',1517564368),(1501,'whh','LOGIN','User','41','{\"IP\":\"161.202.48.247\"}',1517564374),(1502,'whh','LOGIN','User','41','{\"IP\":\"123.125.90.51\"}',1517564417),(1503,'whh','LOGOUT','User','41','',1517809826),(1504,'admin','LOGIN','User','1','{\"IP\":\"161.202.48.247\"}',1517809829),(1505,'admin','LOGIN','User','1','{\"IP\":\"118.186.200.10\"}',1517820751),(1506,'admin','LOGIN','User','','\"\\u7528\\u6237\\u540d\\u6216\\u5bc6\\u7801\\u9519\\u8bef\"',1517823317),(1507,'admin','LOGIN','User','','\"\\u7528\\u6237\\u540d\\u6216\\u5bc6\\u7801\\u9519\\u8bef\"',1517823327),(1508,'admin','LOGIN','User','','\"\\u7528\\u6237\\u540d\\u6216\\u5bc6\\u7801\\u9519\\u8bef\"',1517823350),(1509,'admin','LOGIN','User','1','{\"IP\":\"118.186.200.10\"}',1517823373),(1510,'whh','LOGIN','User','41','{\"IP\":\"123.125.90.51\"}',1517913994),(1511,'admin','LOGIN','User','1','{\"IP\":\"118.186.200.10\"}',1519290757),(1512,'haigame02','LOGIN','User','34','{\"IP\":\"118.186.200.10\"}',1519461450),(1513,'haigame02','LOGIN','User','34','{\"IP\":\"118.186.200.10\"}',1519890756),(1514,'admin','LOGIN','User','1','{\"IP\":\"161.202.48.247\"}',1520837074),(1515,'user02','LOGIN','User','38','{\"IP\":\"58.48.195.6\"}',1521165101),(1516,'user02','LOGOUT','User','38','',1521165134),(1517,'admin','LOGIN','User','1','{\"IP\":\"161.202.48.247\"}',1521445108),(1518,'admin','LOGIN','User','','\"\\u7528\\u6237\\u540d\\u6216\\u5bc6\\u7801\\u9519\\u8bef\"',1521686502),(1519,'admin','LOGIN','User','1','{\"IP\":\"203.90.247.139\"}',1521686511),(1520,'admin','LOGIN','User','1','{\"IP\":\"203.90.247.139\"}',1521688832),(1521,'yiwan','LOGIN','User','31','{\"IP\":\"161.202.48.247\"}',1522120875),(1522,'user02','LOGIN','User','38','{\"IP\":\"58.48.195.6\"}',1522121017),(1523,'user02','LOGIN','User','38','{\"IP\":\"58.48.195.2\"}',1522131091),(1524,'user02','LOGIN','User','38','{\"IP\":\"58.48.195.6\"}',1522199827),(1525,'user02','LOGIN','User','38','{\"IP\":\"58.48.195.2\"}',1522205671),(1526,'user02		','LOGIN','User','','\"\\u7528\\u6237\\u540d\\u6216\\u5bc6\\u7801\\u9519\\u8bef\"',1522286578),(1527,'user02		','LOGIN','User','','\"\\u7528\\u6237\\u540d\\u6216\\u5bc6\\u7801\\u9519\\u8bef\"',1522286635),(1528,'user02		','LOGIN','User','','\"\\u7528\\u6237\\u540d\\u6216\\u5bc6\\u7801\\u9519\\u8bef\"',1522286636),(1529,'user02		','LOGIN','User','','\"\\u7528\\u6237\\u540d\\u6216\\u5bc6\\u7801\\u9519\\u8bef\"',1522286655),(1530,'user02		','LOGIN','User','','\"\\u7528\\u6237\\u540d\\u6216\\u5bc6\\u7801\\u9519\\u8bef\"',1522286656),(1531,'user02		','LOGIN','User','','\"\\u7528\\u6237\\u540d\\u6216\\u5bc6\\u7801\\u9519\\u8bef\"',1522287018),(1532,'user02','LOGIN','User','38','{\"IP\":\"58.48.195.6\"}',1522287182),(1533,'user02','LOGIN','User','38','{\"IP\":\"58.48.195.2\"}',1522287192),(1534,'user02','LOGIN','User','38','{\"IP\":\"58.48.195.2\"}',1522288879),(1535,'user02','LOGIN','User','38','{\"IP\":\"58.48.195.6\"}',1522303402),(1536,'user02','LOGIN','User','38','{\"IP\":\"58.48.195.2\"}',1522373039),(1537,'user02','LOGIN','User','38','{\"IP\":\"58.48.195.6\"}',1522374947),(1538,'user02','LOGIN','User','38','{\"IP\":\"58.48.195.6\"}',1522403746),(1539,'user02','LOGIN','User','38','{\"IP\":\"58.48.195.6\"}',1522404458),(1540,'','LOGIN','User','','\"\\u7528\\u6237\\u540d\\u6216\\u5bc6\\u7801\\u9519\\u8bef\"',1522460080),(1541,'user02','LOGIN','User','38','{\"IP\":\"58.48.195.2\"}',1522460081),(1542,'user02','LOGIN','User','38','{\"IP\":\"58.48.195.6\"}',1522465562),(1543,'user02','LOGIN','User','38','{\"IP\":\"58.48.195.2\"}',1522650007),(1544,'user02','LOGIN','User','38','{\"IP\":\"58.48.195.6\"}',1522718964),(1545,'user02','LOGIN','User','38','{\"IP\":\"58.48.195.6\"}',1522719574),(1546,'admin','LOGIN','User','1','{\"IP\":\"161.202.48.247\"}',1522723007),(1547,'admin','LOGIN','User','1','{\"IP\":\"161.202.48.247\"}',1522808962),(1548,'user02','LOGIN','User','38','{\"IP\":\"58.48.195.6\"}',1523328404),(1549,'user02','LOGIN','User','38','{\"IP\":\"58.48.195.2\"}',1523495462),(1550,'admin','LOGIN','User','1','{\"IP\":\"161.202.48.247\"}',1523500492),(1551,'user02','LOGIN','User','38','{\"IP\":\"58.48.195.2\"}',1523607088),(1552,'user02','LOGIN','User','38','{\"IP\":\"58.48.195.2\"}',1523850425),(1553,'user02','LOGIN','User','38','{\"IP\":\"58.48.195.6\"}',1524021779),(1554,'admin','LOGIN','User','1','{\"IP\":\"161.202.48.247\"}',1524191640),(1555,'admin','LOGIN','User','1','{\"IP\":\"161.202.48.247\"}',1524475233),(1556,'admin','LOGIN','User','1','{\"IP\":\"161.202.48.247\"}',1524647919),(1557,'admin','LOGIN','User','1','{\"IP\":\"161.202.48.247\"}',1524911899),(1558,'user02','LOGIN','User','38','{\"IP\":\"58.48.195.6\"}',1525224540),(1559,'user02','LOGIN','User','38','{\"IP\":\"58.48.195.2\"}',1525656370),(1560,'HaiGame02','LOGIN','User','34','{\"IP\":\"183.14.133.188\"}',1525760320),(1561,'HaiGame02','LOGIN','User','34','{\"IP\":\"183.61.71.112\"}',1525836823),(1562,'HaiGame02','LOGIN','User','34','{\"IP\":\"161.202.48.247\"}',1525838203),(1563,'Haigame02','LOGIN','User','34','{\"IP\":\"112.96.70.88\"}',1525851682),(1564,'haigame02','LOGIN','User','34','{\"IP\":\"118.186.200.10\"}',1525855474),(1565,'HaiGame02','LOGIN','User','34','{\"IP\":\"161.202.48.247\"}',1525868427),(1566,'Haigame02','LOGIN','User','34','{\"IP\":\"183.61.71.112\"}',1526029117),(1567,'admin','LOGIN','User','1','{\"IP\":\"183.240.196.60\"}',1526106987),(1568,'HaiGame02','LOGIN','User','34','{\"IP\":\"161.202.48.247\"}',1526216877),(1569,'Haigame02','LOGIN','User','34','{\"IP\":\"183.61.71.112\"}',1526264932),(1570,'Haigame02','LOGIN','User','34','{\"IP\":\"183.61.71.112\"}',1526264935),(1571,'Haigame02','LOGIN','User','34','{\"IP\":\"183.61.71.112\"}',1526265481),(1572,'Haigame02','LOGIN','User','','\"\\u7528\\u6237\\u540d\\u6216\\u5bc6\\u7801\\u9519\\u8bef\"',1526266689),(1573,'Haigame02','LOGIN','User','','\"\\u7528\\u6237\\u540d\\u6216\\u5bc6\\u7801\\u9519\\u8bef\"',1526266691),(1574,'Haigame0','LOGIN','User','','\"\\u7528\\u6237\\u540d\\u6216\\u5bc6\\u7801\\u9519\\u8bef\"',1526266720),(1575,'Haigame02','LOGIN','User','34','{\"IP\":\"112.96.66.246\"}',1526266773),(1576,'Haigame01','LOGIN','User','','\"\\u7528\\u6237\\u540d\\u6216\\u5bc6\\u7801\\u9519\\u8bef\"',1526266876),(1577,'Haigame01','LOGIN','User','','\"\\u7528\\u6237\\u540d\\u6216\\u5bc6\\u7801\\u9519\\u8bef\"',1526266880),(1578,'Haigame01','LOGIN','User','','\"\\u7528\\u6237\\u540d\\u6216\\u5bc6\\u7801\\u9519\\u8bef\"',1526267233),(1579,'Haigame02','LOGIN','User','34','{\"IP\":\"112.96.66.246\"}',1526267253),(1580,'Haigame01','LOGIN','User','','\"\\u7528\\u6237\\u540d\\u6216\\u5bc6\\u7801\\u9519\\u8bef\"',1526276845),(1581,'Haigame01','LOGIN','User','','\"\\u7528\\u6237\\u540d\\u6216\\u5bc6\\u7801\\u9519\\u8bef\"',1526276858),(1582,'Haigame02','LOGIN','User','34','{\"IP\":\"112.96.24.234\"}',1526276878),(1583,'Haigame02','LOGIN','User','34','{\"IP\":\"183.61.71.112\"}',1526277899),(1584,'Haigame02','LOGIN','User','34','{\"IP\":\"183.61.71.112\"}',1526279768),(1585,'Haigame02','LOGIN','User','34','{\"IP\":\"106.38.134.74\"}',1526281321),(1586,'Haigame02','LOGIN','User','34','{\"IP\":\"61.148.243.29\"}',1526302485),(1587,'haigame02','LOGIN','User','34','{\"IP\":\"112.96.115.168\"}',1526302495),(1588,'Haigame02','LOGIN','User','34','{\"IP\":\"61.148.243.29\"}',1526303566),(1589,'Haigame02','LOGIN','User','34','{\"IP\":\"183.240.196.62\"}',1526303691),(1590,'HaiGame02','LOGIN','User','34','{\"IP\":\"161.202.48.247\"}',1526303894),(1591,'Haigame02','LOGIN','User','34','{\"IP\":\"112.96.115.168\"}',1526304596),(1592,'HaiGame02','LOGOUT','User','34','',1526304891),(1593,'admin','LOGIN','User','','\"\\u7528\\u6237\\u540d\\u6216\\u5bc6\\u7801\\u9519\\u8bef\"',1526304909),(1594,'admin','LOGIN','User','','\"\\u7528\\u6237\\u540d\\u6216\\u5bc6\\u7801\\u9519\\u8bef\"',1526304913),(1595,'admin','LOGIN','User','','\"\\u7528\\u6237\\u540d\\u6216\\u5bc6\\u7801\\u9519\\u8bef\"',1526304916),(1596,'admin','LOGIN','User','','\"\\u7528\\u6237\\u540d\\u6216\\u5bc6\\u7801\\u9519\\u8bef\"',1526304921),(1597,'admin','LOGIN','User','','\"\\u7528\\u6237\\u540d\\u6216\\u5bc6\\u7801\\u9519\\u8bef\"',1526304929),(1598,'admin','LOGIN','User','','\"\\u7528\\u6237\\u540d\\u6216\\u5bc6\\u7801\\u9519\\u8bef\"',1526304933),(1599,'admin','LOGIN','User','1','{\"IP\":\"183.240.196.60\"}',1526341019),(1600,'Haigame02','LOGIN','User','34','{\"IP\":\"61.149.186.83\"}',1526341620),(1601,'Haigame02','LOGIN','User','34','{\"IP\":\"61.149.186.83\"}',1526341635),(1602,'Haigame02','LOGIN','User','34','{\"IP\":\"61.149.186.83\"}',1526341644),(1603,'Haigame02','LOGIN','User','34','{\"IP\":\"183.61.71.112\"}',1526350178),(1604,'Haigame02','LOGIN','User','34','{\"IP\":\"183.61.71.112\"}',1526350448),(1605,'admin','LOGIN','User','1','{\"IP\":\"203.90.247.139\"}',1526381129),(1606,'admin','LOGOUT','User','1','',1526381629),(1607,'admin','LOGIN','User','1','{\"IP\":\"203.90.247.139\"}',1526381634),(1608,'admin','LOGIN','User','1','{\"IP\":\"161.202.48.247\"}',1526383031),(1609,'admin','LOGOUT','User','1','',1526383074),(1610,'admin','LOGIN','User','1','{\"IP\":\"203.90.247.139\"}',1526383080),(1611,'Haigame02','LOGIN','User','34','{\"IP\":\"183.61.71.112\"}',1526386476),(1612,'admin','LOGOUT','User','1','',1526387104),(1613,'HaiGame02','LOGIN','User','34','{\"IP\":\"161.202.48.247\"}',1526387119),(1614,'HaiGame02','LOGOUT','User','34','',1526388729),(1615,'admin','LOGIN','User','1','{\"IP\":\"161.202.48.247\"}',1526388739),(1616,'HaiGame02','LOGIN','User','34','{\"IP\":\"183.61.71.112\"}',1526388876),(1617,'HaiGame02','LOGIN','User','34','{\"IP\":\"183.61.71.112\"}',1526389016),(1618,'admin','LOGIN','User','1','{\"IP\":\"183.240.196.60\"}',1526395773),(1619,'admin','LOGIN','User','1','{\"IP\":\"183.240.196.60\"}',1526395775),(1620,'admin','LOGIN','User','1','{\"IP\":\"183.240.196.60\"}',1526395788),(1621,'admin','ADD','MenuUrl','112','{\"menu_name\":\"\\u5145\\u503c\\u8be6\\u60c5\",\"menu_url\":\"\\/panel\\/purchases.php\",\"module_id\":\"3\",\"is_show\":\"1\",\"online\":1,\"menu_desc\":\"\\u5145\\u503c\\u8be6\\u60c5\",\"shortcut_allowed\":\"1\",\"father_menu\":\"0\"}',1526403161),(1622,'admin','MODIFY','UserGroup','1','{\"group_role\":\"1,2,3,4,5,6,7,8,9,10,11,12,13,14,15,16,17,18,19,20,21,22,23,24,25,26,104,105,106,107,108,109,112\"}',1526403176),(1623,'admin','LOGOUT','User','1','',1526403236),(1624,'HaiGame02','LOGIN','User','','\"\\u7528\\u6237\\u540d\\u6216\\u5bc6\\u7801\\u9519\\u8bef\"',1526403259),(1625,'HaiGame02','LOGIN','User','34','{\"IP\":\"161.202.48.247\"}',1526403262),(1626,'admin','MODIFY','UserGroup','5','{\"group_role\":\"1,5,23,104,112\"}',1526403266),(1627,'HaiGame02','LOGOUT','User','34','',1526403923),(1628,'admin','LOGIN','User','1','{\"IP\":\"161.202.48.247\"}',1526403953),(1629,'admin','MODIFY','UserGroup','5','{\"group_role\":\"1,5,23,104,112\"}',1526404033),(1630,'admin','MODIFY','UserGroup','5','{\"group_role\":\"1,5,23,104,112\"}',1526404035),(1631,'admin','LOGOUT','User','1','',1526404038),(1632,'admin','LOGOUT','User','1','',1526404044),(1633,'haigame02','LOGIN','User','','\"\\u7528\\u6237\\u540d\\u6216\\u5bc6\\u7801\\u9519\\u8bef\"',1526404050),(1634,'HaiGame02','LOGIN','User','34','{\"IP\":\"161.202.48.247\"}',1526404052),(1635,'admin','LOGIN','User','1','{\"IP\":\"183.240.196.60\"}',1526404080),(1636,'Haigame02','LOGIN','User','34','{\"IP\":\"183.61.71.112\"}',1526404124),(1637,'Haigame02','LOGIN','User','34','{\"IP\":\"183.61.71.112\"}',1526404130),(1638,'Haigame02','LOGIN','User','34','{\"IP\":\"183.61.71.112\"}',1526404644),(1639,'Haigame02','LOGIN','User','34','{\"IP\":\"183.61.71.112\"}',1526436292),(1640,'admin','LOGOUT','User','1','',1526436324),(1641,'admin','LOGIN','User','1','{\"IP\":\"203.90.247.139\"}',1526436332),(1642,'Haigame2','LOGIN','User','','\"\\u7528\\u6237\\u540d\\u6216\\u5bc6\\u7801\\u9519\\u8bef\"',1526439446),(1643,'Haigame2','LOGIN','User','','\"\\u7528\\u6237\\u540d\\u6216\\u5bc6\\u7801\\u9519\\u8bef\"',1526439454),(1644,'Haigame02','LOGIN','User','34','{\"IP\":\"112.96.179.62\"}',1526439461),(1645,'Haigame02','LOGIN','User','34','{\"IP\":\"183.61.71.112\"}',1526442427),(1646,'haigame02','LOGIN','User','34','{\"IP\":\"183.61.71.112\"}',1526444069),(1647,'Haighame02','LOGIN','User','','\"\\u7528\\u6237\\u540d\\u6216\\u5bc6\\u7801\\u9519\\u8bef\"',1526444141),(1648,'Haigame02','LOGIN','User','','\"\\u7528\\u6237\\u540d\\u6216\\u5bc6\\u7801\\u9519\\u8bef\"',1526444154),(1649,'Haigame02','LOGIN','User','34','{\"IP\":\"183.61.71.112\"}',1526444177),(1650,'Haigame02','LOGIN','User','34','{\"IP\":\"183.61.71.112\"}',1526444224),(1651,'admin','LOGOUT','User','1','',1526444507),(1652,'admin','LOGIN','User','1','{\"IP\":\"203.90.247.139\"}',1526444510),(1653,'Haigame02','LOGIN','User','34','{\"IP\":\"183.61.71.112\"}',1526460792),(1654,'Haigame02','LOGIN','User','34','{\"IP\":\"183.61.71.112\"}',1526466171),(1655,'Haigame02','LOGIN','User','','\"\\u7528\\u6237\\u540d\\u6216\\u5bc6\\u7801\\u9519\\u8bef\"',1526472045),(1656,'Haigame02','LOGIN','User','34','{\"IP\":\"183.62.161.242\"}',1526472077),(1657,'haigame02','LOGIN','User','34','{\"IP\":\"223.73.116.96\"}',1526472217),(1658,'admin','LOGIN','User','1','{\"IP\":\"183.240.196.60\"}',1526479837),(1659,'Haigame02','LOGIN','User','34','{\"IP\":\"183.63.127.130\"}',1526521274),(1660,'Haigame02','LOGIN','User','34','{\"IP\":\"183.63.127.130\"}',1526525352),(1661,'Haigame02','LOGIN','User','34','{\"IP\":\"183.61.71.112\"}',1526526333),(1662,'Haigame02','LOGIN','User','34','{\"IP\":\"183.61.71.112\"}',1526536702),(1663,'Haigame02','LOGIN','User','34','{\"IP\":\"183.61.71.112\"}',1526537022),(1664,'HaiGame02','LOGIN','User','34','{\"IP\":\"161.202.48.247\"}',1526573407),(1665,'HaiGame02','LOGIN','User','34','{\"IP\":\"161.202.48.247\"}',1526573417),(1666,'HaiGame02','LOGIN','User','34','{\"IP\":\"161.202.48.247\"}',1526573424),(1667,'user02','LOGIN','User','38','{\"IP\":\"58.48.195.2\"}',1526881280),(1668,'admin','LOGIN','User','1','{\"IP\":\"161.202.48.247\"}',1526959795),(1669,'user02','LOGIN','User','38','{\"IP\":\"58.48.195.2\"}',1527906169),(1670,'user02','LOGIN','User','38','{\"IP\":\"58.48.195.6\"}',1527907712),(1671,'user02','LOGIN','User','38','{\"IP\":\"58.48.195.2\"}',1528099588),(1672,'haigame02','LOGIN','User','34','{\"IP\":\"118.186.200.10\"}',1528438587),(1673,'haigame02','LOGIN','User','34','{\"IP\":\"118.186.200.10\"}',1528438589),(1674,'user02','LOGIN','User','38','{\"IP\":\"58.48.195.6\"}',1528698834),(1675,'user02','LOGIN','User','38','{\"IP\":\"58.48.195.2\"}',1528704609),(1676,'user02','LOGIN','User','38','{\"IP\":\"58.48.195.6\"}',1528939557),(1677,'user02','LOGIN','User','38','{\"IP\":\"58.48.195.2\"}',1529373812),(1678,'user02','LOGIN','User','38','{\"IP\":\"58.48.195.2\"}',1529373818),(1679,'user02','LOGIN','User','38','{\"IP\":\"58.48.195.2\"}',1529373822),(1680,'user02','LOGIN','User','38','{\"IP\":\"58.48.195.6\"}',1529374079),(1681,'user02','LOGIN','User','38','{\"IP\":\"58.48.195.6\"}',1529374087),(1682,'user02','LOGIN','User','38','{\"IP\":\"58.48.195.6\"}',1529374118),(1683,'user02','LOGIN','User','38','{\"IP\":\"58.48.195.6\"}',1529374124),(1684,'user02','LOGIN','User','38','{\"IP\":\"58.48.195.6\"}',1529376974),(1685,'user02','LOGIN','User','38','{\"IP\":\"58.48.195.6\"}',1529376995),(1686,'user02','LOGIN','User','38','{\"IP\":\"58.48.195.6\"}',1529376998),(1687,'user02','LOGIN','User','38','{\"IP\":\"58.48.195.6\"}',1529377012),(1688,'user02','LOGIN','User','38','{\"IP\":\"58.48.195.6\"}',1529377014),(1689,'user02','LOGIN','User','38','{\"IP\":\"58.48.195.6\"}',1529379722),(1690,'user02','LOGIN','User','38','{\"IP\":\"58.48.195.6\"}',1529379725),(1691,'user02','LOGIN','User','38','{\"IP\":\"58.48.195.6\"}',1529379726),(1692,'user02','LOGIN','User','38','{\"IP\":\"58.48.195.6\"}',1529379728),(1693,'user02','LOGIN','User','38','{\"IP\":\"58.48.195.6\"}',1529379732),(1694,'user02','LOGIN','User','38','{\"IP\":\"58.48.195.6\"}',1529379800),(1695,'user02','LOGIN','User','38','{\"IP\":\"58.48.195.2\"}',1529456562),(1696,'user02','LOGIN','User','38','{\"IP\":\"58.48.195.2\"}',1529544852),(1697,'user02','LOGIN','User','38','{\"IP\":\"58.48.195.6\"}',1529629808),(1698,'admin ','LOGIN','User','','\"\\u7528\\u6237\\u540d\\u6216\\u5bc6\\u7801\\u9519\\u8bef\"',1529899661),(1699,'haigame02','LOGIN','User','34','{\"IP\":\"118.186.200.10\"}',1529909763),(1700,'user02','LOGIN','User','38','{\"IP\":\"58.48.195.2\"}',1529984102),(1701,'user02','LOGIN','User','38','{\"IP\":\"58.48.195.6\"}',1530061807),(1702,'haigame02','LOGIN','User','34','{\"IP\":\"118.186.200.10\"}',1530069630),(1703,'user02','LOGIN','User','38','{\"IP\":\"58.48.195.6\"}',1530234509),(1704,'haigame02','LOGIN','User','34','{\"IP\":\"118.186.200.10\"}',1530498711),(1705,'HaiGame02','LOGOUT','User','34','',1530502883),(1706,'admin','LOGIN','User','','\"\\u7528\\u6237\\u540d\\u6216\\u5bc6\\u7801\\u9519\\u8bef\"',1530502893),(1707,'admin','LOGIN','User','','\"\\u7528\\u6237\\u540d\\u6216\\u5bc6\\u7801\\u9519\\u8bef\"',1530502897),(1708,'admin','LOGIN','User','','\"\\u7528\\u6237\\u540d\\u6216\\u5bc6\\u7801\\u9519\\u8bef\"',1530502899),(1709,'admin','LOGIN','User','','\"\\u7528\\u6237\\u540d\\u6216\\u5bc6\\u7801\\u9519\\u8bef\"',1530502899),(1710,'admin','LOGIN','User','1','{\"IP\":\"118.186.200.10\"}',1530502939),(1711,'user02','LOGIN','User','38','{\"IP\":\"58.48.195.6\"}',1530580103),(1712,'admin','LOGIN','User','1','{\"IP\":\"118.186.200.10\"}',1530672998),(1713,'admin','LOGIN','User','1','{\"IP\":\"118.186.200.10\"}',1530673003),(1714,'admin','LOGIN','User','1','{\"IP\":\"118.186.200.10\"}',1530673006),(1715,'admin','LOGIN','User','1','{\"IP\":\"203.90.247.139\"}',1533097544),(1716,'admin','LOGIN','User','1','{\"IP\":\"118.186.200.10\"}',1533107325),(1717,'admin','LOGIN','User','1','{\"IP\":\"222.128.165.234\"}',1533873285),(1718,'admin','LOGIN','User','1','{\"IP\":\"222.128.165.234\"}',1533873289),(1719,'admin','LOGIN','User','1','{\"IP\":\"222.128.165.234\"}',1533873291),(1720,'admin','LOGIN','User','1','{\"IP\":\"183.240.196.80\"}',1535796111),(1721,'HaiGame02','LOGIN','User','34','{\"IP\":\"161.202.48.247\"}',1535855821),(1722,'admin','LOGIN','User','1','{\"IP\":\"118.186.200.10\"}',1536137643),(1723,'admin','LOGIN','User','1','{\"IP\":\"118.186.200.10\"}',1536137646),(1724,'admin','LOGIN','User','1','{\"IP\":\"118.186.200.10\"}',1536137648),(1725,'admin','LOGIN','User','1','{\"IP\":\"183.240.196.82\"}',1538820820),(1726,'admin','LOGIN','User','1','{\"IP\":\"203.90.247.139\"}',1539150700),(1727,'admin','LOGIN','User','1','{\"IP\":\"61.51.132.53\"}',1539743291),(1728,'admin','LOGIN','User','1','{\"IP\":\"61.51.132.53\"}',1539743297),(1729,'admin','LOGIN','User','1','{\"IP\":\"61.51.132.53\"}',1539743298),(1730,'admin','LOGIN','User','1','{\"IP\":\"125.33.122.123\"}',1540789783),(1731,'Haiai2 ','LOGIN','User','','\"\\u7528\\u6237\\u540d\\u6216\\u5bc6\\u7801\\u9519\\u8bef\"',1540957259),(1732,'Haiai2','LOGIN','User','','\"\\u7528\\u6237\\u540d\\u6216\\u5bc6\\u7801\\u9519\\u8bef\"',1540957263),(1733,'Haiai2','LOGIN','User','','\"\\u7528\\u6237\\u540d\\u6216\\u5bc6\\u7801\\u9519\\u8bef\"',1540957265),(1734,'Haiai2','LOGIN','User','','\"\\u7528\\u6237\\u540d\\u6216\\u5bc6\\u7801\\u9519\\u8bef\"',1540957307),(1735,'Haiai2','LOGIN','User','','\"\\u7528\\u6237\\u540d\\u6216\\u5bc6\\u7801\\u9519\\u8bef\"',1540957308),(1736,'Haiai2','LOGIN','User','','\"\\u7528\\u6237\\u540d\\u6216\\u5bc6\\u7801\\u9519\\u8bef\"',1540957314),(1737,'Haigame2','LOGIN','User','','\"\\u7528\\u6237\\u540d\\u6216\\u5bc6\\u7801\\u9519\\u8bef\"',1540957928),(1738,'Haigame2','LOGIN','User','','\"\\u7528\\u6237\\u540d\\u6216\\u5bc6\\u7801\\u9519\\u8bef\"',1540957934),(1739,'Haigame2','LOGIN','User','','\"\\u7528\\u6237\\u540d\\u6216\\u5bc6\\u7801\\u9519\\u8bef\"',1540957985),(1740,'Haigame2','LOGIN','User','','\"\\u7528\\u6237\\u540d\\u6216\\u5bc6\\u7801\\u9519\\u8bef\"',1540957992),(1741,'Haiai2','LOGIN','User','','\"\\u7528\\u6237\\u540d\\u6216\\u5bc6\\u7801\\u9519\\u8bef\"',1540958018),(1742,'Haiai2','LOGIN','User','','\"\\u7528\\u6237\\u540d\\u6216\\u5bc6\\u7801\\u9519\\u8bef\"',1540958022),(1743,'Haiai2','LOGIN','User','','\"\\u7528\\u6237\\u540d\\u6216\\u5bc6\\u7801\\u9519\\u8bef\"',1540958027),(1744,'haigame02','LOGIN','User','34','{\"IP\":\"123.115.71.224\"}',1540971378),(1745,'haigame02','LOGIN','User','34','{\"IP\":\"183.61.71.112\"}',1540971567),(1746,'haigame02','LOGIN','User','','\"\\u7528\\u6237\\u540d\\u6216\\u5bc6\\u7801\\u9519\\u8bef\"',1540971574),(1747,'haigame02','LOGIN','User','34','{\"IP\":\"183.61.71.112\"}',1540971578),(1748,'haigame02','LOGIN','User','','\"\\u7528\\u6237\\u540d\\u6216\\u5bc6\\u7801\\u9519\\u8bef\"',1540971636),(1749,'haigame02','LOGIN','User','','\"\\u7528\\u6237\\u540d\\u6216\\u5bc6\\u7801\\u9519\\u8bef\"',1540971643),(1750,'haigame02','LOGIN','User','34','{\"IP\":\"183.61.71.112\"}',1540971658),(1751,'admin','LOGIN','User','','\"\\u7528\\u6237\\u540d\\u6216\\u5bc6\\u7801\\u9519\\u8bef\"',1541042420),(1752,'admin','LOGIN','User','','\"\\u7528\\u6237\\u540d\\u6216\\u5bc6\\u7801\\u9519\\u8bef\"',1541042425),(1753,'admin','LOGIN','User','','\"\\u7528\\u6237\\u540d\\u6216\\u5bc6\\u7801\\u9519\\u8bef\"',1541042434),(1754,'admin','LOGIN','User','','\"\\u7528\\u6237\\u540d\\u6216\\u5bc6\\u7801\\u9519\\u8bef\"',1541042440),(1755,'admin','LOGIN','User','1','{\"IP\":\"123.115.71.224\"}',1541042459),(1756,'admin','LOGIN','User','1','{\"IP\":\"123.115.71.224\"}',1541042467),(1757,'admin','LOGIN','User','','\"\\u7528\\u6237\\u540d\\u6216\\u5bc6\\u7801\\u9519\\u8bef\"',1541042472),(1758,'admin','LOGIN','User','1','{\"IP\":\"123.115.71.224\"}',1541042477),(1759,'admin','LOGIN','User','1','{\"IP\":\"203.90.247.139\"}',1541044849),(1760,'admin','LOGIN','User','1','{\"IP\":\"123.112.235.2\"}',1541516643),(1761,'admin','LOGIN','User','1','{\"IP\":\"123.115.65.76\"}',1541560823),(1762,'admin','LOGIN','User','1','{\"IP\":\"123.115.65.76\"}',1541560825),(1763,'admin','LOGIN','User','1','{\"IP\":\"123.115.65.76\"}',1541560827),(1764,'admin','LOGIN','User','1','{\"IP\":\"119.81.249.135\"}',1543373157),(1765,'admin','LOGIN','User','1','{\"IP\":\"123.112.228.131\"}',1544019783),(1766,'admin','LOGIN','User','1','{\"IP\":\"123.115.66.116\"}',1544064077),(1767,'admin','LOGIN','User','1','{\"IP\":\"123.115.66.116\"}',1544064079),(1768,'admin','LOGIN','User','1','{\"IP\":\"123.115.66.116\"}',1544064080),(1769,'admin','LOGIN','User','1','{\"IP\":\"123.112.228.131\"}',1544103925),(1770,'admin','LOGIN','User','1','{\"IP\":\"123.112.228.131\"}',1544103926),(1771,'admin','LOGIN','User','1','{\"IP\":\"123.112.228.131\"}',1544104089),(1772,'admin','LOGIN','User','1','{\"IP\":\"123.115.66.116\"}',1544428437);
/*!40000 ALTER TABLE `osa_sys_log` ENABLE KEYS */;
UNLOCK TABLES;

--
-- Table structure for table `osa_system`
--

DROP TABLE IF EXISTS `osa_system`;
/*!40101 SET @saved_cs_client     = @@character_set_client */;
/*!40101 SET character_set_client = utf8 */;
CREATE TABLE `osa_system` (
  `key_name` varchar(32) COLLATE utf8_unicode_ci NOT NULL,
  `key_value` text COLLATE utf8_unicode_ci NOT NULL,
  PRIMARY KEY (`key_name`)
) ENGINE=InnoDB DEFAULT CHARSET=utf8 COLLATE=utf8_unicode_ci COMMENT='系统配置表';
/*!40101 SET character_set_client = @saved_cs_client */;

--
-- Dumping data for table `osa_system`
--

LOCK TABLES `osa_system` WRITE;
/*!40000 ALTER TABLE `osa_system` DISABLE KEYS */;
INSERT INTO `osa_system` VALUES ('timezone','\"Asia/Shanghai\"');
/*!40000 ALTER TABLE `osa_system` ENABLE KEYS */;
UNLOCK TABLES;

--
-- Table structure for table `osa_user`
--

DROP TABLE IF EXISTS `osa_user`;
/*!40101 SET @saved_cs_client     = @@character_set_client */;
/*!40101 SET character_set_client = utf8 */;
CREATE TABLE `osa_user` (
  `user_id` int(11) NOT NULL AUTO_INCREMENT,
  `user_name` varchar(50) NOT NULL,
  `password` varchar(255) NOT NULL,
  `real_name` varchar(255) NOT NULL,
  `mobile` varchar(20) NOT NULL,
  `email` varchar(255) NOT NULL,
  `user_desc` varchar(255) DEFAULT NULL,
  `login_time` int(11) DEFAULT NULL COMMENT '登录时间',
  `status` tinyint(4) NOT NULL DEFAULT '1',
  `login_ip` varchar(32) DEFAULT NULL,
  `user_group` int(11) NOT NULL,
  `template` varchar(32) NOT NULL DEFAULT 'default' COMMENT '主题模板',
  `shortcuts` text COMMENT '快捷菜单',
  `show_quicknote` int(11) NOT NULL DEFAULT '1' COMMENT '是否显示quicknote',
  PRIMARY KEY (`user_id`),
  UNIQUE KEY `user_name` (`user_name`)
) ENGINE=InnoDB AUTO_INCREMENT=42 DEFAULT CHARSET=utf8 COMMENT='后台用户';
/*!40101 SET character_set_client = @saved_cs_client */;

--
-- Dumping data for table `osa_user`
--

LOCK TABLES `osa_user` WRITE;
/*!40000 ALTER TABLE `osa_user` DISABLE KEYS */;
INSERT INTO `osa_user` VALUES (1,'admin','abb543e5ee72eb4c602792a5e6e27192','SomewhereYu','13800138001','admin@osadmin.org','初始的超级管理员!',1544428437,1,'123.115.66.116',1,'schoolpainting','2,7,10,11,13,14,18,21,24',0),(26,'demo','e10adc3949ba59abbe56e057f20f883e','SomewhereYu','15812345678','yuwenqi@osadmin.org','默认用户组成员',1510554754,1,'119.81.247.109',2,'schoolpainting','',0),(27,'xujiawei','e10adc3949ba59abbe56e057f20f883e','徐家伟','15313162812','xujiawei@haiaigame.com','',1515142740,1,'119.81.249.135',2,'blacktie',',106',1),(28,'wuhuaiyu','713ba3bc9a36fb7ab755ca66907df5cd','武怀玉','13581773223','wuhuaiyu@haiaigame.com','武怀玉',1509348224,1,'118.186.200.10',2,'blacktie',NULL,0),(29,'dongliang','e10adc3949ba59abbe56e057f20f883e','董亮','13800000000','baidu@163.com','董亮',1503043391,1,'118.186.200.10',2,'blacktie','',0),(30,'wangzewei','ceec5e43a67481b6c40925649e8077dd','王泽维','13800000000','wangzewei@haiaigame.com','王泽维',1511173771,1,'117.136.38.9',3,'default',NULL,0),(31,'yiwan','4185be9eba848a3ed9411a506cbe9a5a','一玩','13800000000','yiwan@163.com','一玩',1522120875,1,'161.202.48.247',4,'default',NULL,0),(32,'user1','24c9e15e52afc47c225b757e7bee1f9d','用户1','13800000000','user1@163.com','用户1',1504150243,1,'118.186.200.10',5,'default',NULL,0),(33,'HaiGame01','e2cc656b21af2feeab739c698c7e08ce','王泽维','13800000000','wangzewei@163.com','王泽维',1510803233,1,'118.186.200.10',5,'default',NULL,0),(34,'HaiGame02','22b393f72cd75817dcf500f3b5ed953f','贾静','13800000000','jiajing@163.com','贾静',1540971658,1,'183.61.71.112',5,'default',',22,104',0),(35,'HaiGame03','0659c7992e268962384eb17fafe88364','贾静2号','13800000000','jiajing@163.com','贾静2号',1513164004,1,'117.30.93.218',6,'default',NULL,0),(36,'HaiGame04','b7bbfe004e6bd338864f15517440ff81','贾静3号','13800000000','jiajing@163.com','贾静3号',1510558460,1,'119.81.237.3',6,'default',NULL,1),(38,'user02','e99a18c428cb38d5f260853678922e03','user02','00000000000','0000@000.com','',1530580103,1,'58.48.195.6',4,'default',',104',1),(39,'user01','e99a18c428cb38d5f260853678922e03','123','12345678910','000@000.com','',1514168288,1,'183.14.135.229',4,'wintertide',NULL,1),(40,'zzxxccvv951','ce5e5fe52c8258138791a087dbf6c6af','周峰','13800000000','zhoufeng@163.com','周峰',1514510847,1,'14.28.136.174',4,'default',NULL,1),(41,'whh','e99a18c428cb38d5f260853678922e03','whh','13800000000','whh@163.com','whh',1517913994,1,'123.125.90.51',5,'default',NULL,1);
/*!40000 ALTER TABLE `osa_user` ENABLE KEYS */;
UNLOCK TABLES;

--
-- Table structure for table `osa_user_group`
--

DROP TABLE IF EXISTS `osa_user_group`;
/*!40101 SET @saved_cs_client     = @@character_set_client */;
/*!40101 SET character_set_client = utf8 */;
CREATE TABLE `osa_user_group` (
  `group_id` int(11) NOT NULL AUTO_INCREMENT,
  `group_name` varchar(32) DEFAULT NULL,
  `group_role` text CHARACTER SET utf8 COLLATE utf8_unicode_ci COMMENT '初始权限为1,5,17,18,22,23,24,25',
  `owner_id` int(11) DEFAULT NULL COMMENT '创建人ID',
  `group_desc` varchar(64) CHARACTER SET utf8 COLLATE utf8_unicode_ci DEFAULT NULL,
  PRIMARY KEY (`group_id`)
) ENGINE=InnoDB AUTO_INCREMENT=7 DEFAULT CHARSET=utf8 COMMENT='账号组';
/*!40101 SET character_set_client = @saved_cs_client */;

--
-- Dumping data for table `osa_user_group`
--

LOCK TABLES `osa_user_group` WRITE;
/*!40000 ALTER TABLE `osa_user_group` DISABLE KEYS */;
INSERT INTO `osa_user_group` VALUES (1,'超级管理员组','1,2,3,4,5,6,7,8,9,10,11,12,13,14,15,16,17,18,19,20,21,22,23,24,25,26,104,105,106,107,108,109,112',1,'万能的不是神，是程序员'),(2,'默认账号组','1,3,5,17,18,20,22,23,24,25,104,105,106,107,108,109',1,'默认账号组'),(3,'特殊账号组','1,5,17,18,22,23,24,25,110,111,104,105,107,108,109',1,'特殊账号组'),(4,'联运账号组','1,5,17,18,22,23,24,25,104,105,108',1,'联运账号组'),(5,'普通账号组','1,5,23,104,112',1,'普通账号组'),(6,'数据统计_基础','1,5,17,22,23,104,105',1,'数据统计_基础');
/*!40000 ALTER TABLE `osa_user_group` ENABLE KEYS */;
UNLOCK TABLES;

--
-- Table structure for table `sample`
--

DROP TABLE IF EXISTS `sample`;
/*!40101 SET @saved_cs_client     = @@character_set_client */;
/*!40101 SET character_set_client = utf8 */;
CREATE TABLE `sample` (
  `sample_id` int(11) NOT NULL,
  `sample_content` varchar(255) COLLATE utf8_unicode_ci NOT NULL
) ENGINE=InnoDB DEFAULT CHARSET=utf8 COLLATE=utf8_unicode_ci;
/*!40101 SET character_set_client = @saved_cs_client */;

--
-- Dumping data for table `sample`
--

LOCK TABLES `sample` WRITE;
/*!40000 ALTER TABLE `sample` DISABLE KEYS */;
INSERT INTO `sample` VALUES (1,'这是一个样例');
/*!40000 ALTER TABLE `sample` ENABLE KEYS */;
UNLOCK TABLES;
/*!40103 SET TIME_ZONE=@OLD_TIME_ZONE */;

/*!40101 SET SQL_MODE=@OLD_SQL_MODE */;
/*!40014 SET FOREIGN_KEY_CHECKS=@OLD_FOREIGN_KEY_CHECKS */;
/*!40014 SET UNIQUE_CHECKS=@OLD_UNIQUE_CHECKS */;
/*!40101 SET CHARACTER_SET_CLIENT=@OLD_CHARACTER_SET_CLIENT */;
/*!40101 SET CHARACTER_SET_RESULTS=@OLD_CHARACTER_SET_RESULTS */;
/*!40101 SET COLLATION_CONNECTION=@OLD_COLLATION_CONNECTION */;
/*!40111 SET SQL_NOTES=@OLD_SQL_NOTES */;

-- Dump completed on 2018-12-14 12:08:09
